job_name,order_id,folder,status,held,deleted,cyclic,startTime,endTime,orderDate,description,application,estimatedStartTime,estimatedEndTime
EBIETLBCORE_FED_LRF_INC,019ki,EBIETLBCORE,Ended OK,                   0,                   0,                   0,2022-09-04 01:40:37,2022-09-04 01:43:45,220904,TO LOAD DATA FROM COLLECTION SERVER TO LRF FILE TO INC TABLES,EBIETLBCORE,,
EBIETLBCORE_FED_LRF_INC,5wmfr,EBIETLBCORE,Ended OK,                   0,                   0,                   0,2022-08-31 01:45:11,2022-08-31 01:47:19,220831,TO LOAD DATA FROM COLLECTION SERVER TO LRF FILE TO INC TABLES,EBIETLBCORE,,
EBIETLBCORE_ITM_DOMINO_SRC_LRF_SET1,03nr6,EBIETLBCORE,Wait Condition,                   0,                   0,                   0,,,220907,Extract data from SRC(Domino) to item's LRF,EBIETLBCORE,2022-09-07 09:00:00,2022-09-07 09:06:30
EBIETLBCORE_FED_LRF_INC,5xd0g,EBIETLBCORE,Ended OK,                   0,                   0,                   0,2022-09-01 01:45:28,2022-09-01 01:48:41,220901,TO LOAD DATA FROM COLLECTION SERVER TO LRF FILE TO INC TABLES,EBIETLBCORE,,
EBIETLBCORE_FED_LRF_INC,5y4za,EBIETLBCORE,Ended OK,                   0,                   0,                   0,2022-09-02 02:17:24,2022-09-02 02:23:08,220902,TO LOAD DATA FROM COLLECTION SERVER TO LRF FILE TO INC TABLES,EBIETLBCORE,,
EBIETLBCORE_FED_LRF_INC,020ux,EBIETLBCORE,Ended OK,                   0,                   0,                   0,2022-09-05 01:59:35,2022-09-05 02:04:52,220905,TO LOAD DATA FROM COLLECTION SERVER TO LRF FILE TO INC TABLES,EBIETLBCORE,,
EBIETLBCORE_FED_LRF_INC,00jaa,EBIETLBCORE,Ended OK,                   0,                   0,                   0,2022-09-03 01:52:16,2022-09-03 01:53:23,220903,TO LOAD DATA FROM COLLECTION SERVER TO LRF FILE TO INC TABLES,EBIETLBCORE,,
EBIETLBCORE_ITM_DOMINO_SRC_LRF_SET1,02xq5,EBIETLBCORE,Ended OK,                   0,                   0,                   0,2022-09-06 09:00:04,2022-09-06 09:07:32,220906,Extract data from SRC(Domino) to item's LRF,EBIETLBCORE,,
EBIETLBCORE_ITM_DOMINO_SRC_LRF_SET1,019m3,EBIETLBCORE,Ended OK,                   0,                   0,                   0,2022-09-04 09:00:02,2022-09-04 09:05:25,220904,Extract data from SRC(Domino) to item's LRF,EBIETLBCORE,,
EBIETLBCORE_ITM_DOMINO_SRC_LRF_SET1,5wmhc,EBIETLBCORE,Ended OK,                   0,                   0,                   0,2022-08-31 09:00:04,2022-08-31 09:06:24,220831,Extract data from SRC(Domino) to item's LRF,EBIETLBCORE,,
EBIETLBSLS_AFFINITY_SP1_PRD,03j0x,EBIETLBSLS,Ended OK,                   0,                   0,                   0,2022-09-07 02:09:17,2022-09-07 02:10:22,220907,HOUSEHOLD ROLLUP,EBIETLBSLS,,
EBIETLBCORE_ITM_DOMINO_SRC_LRF_SET1,5xd21,EBIETLBCORE,Ended OK,                   0,                   0,                   0,2022-09-01 09:00:03,2022-09-01 09:08:57,220901,Extract data from SRC(Domino) to item's LRF,EBIETLBCORE,,
EBIETLBCORE_ITM_DOMINO_SRC_LRF_SET1,5y50v,EBIETLBCORE,Ended OK,                   0,                   0,                   0,2022-09-02 09:00:40,2022-09-02 09:06:58,220902,Extract data from SRC(Domino) to item's LRF,EBIETLBCORE,,
EBIETLBCORE_ITM_DOMINO_SRC_LRF_SET1,020wi,EBIETLBCORE,Ended OK,                   0,                   0,                   0,2022-09-05 09:00:03,2022-09-05 09:05:23,220905,Extract data from SRC(Domino) to item's LRF,EBIETLBCORE,,
EBIETLBCORE_ITM_DOMINO_SRC_LRF_SET1,00jbv,EBIETLBCORE,Ended OK,                   0,                   0,                   0,2022-09-03 09:00:03,2022-09-03 09:05:30,220903,Extract data from SRC(Domino) to item's LRF,EBIETLBCORE,,
EBIETLBSLS_AFFINITY_SP1_PRD,02t6v,EBIETLBSLS,Ended OK,                   0,                   0,                   0,2022-09-06 02:08:14,2022-09-06 02:09:18,220906,HOUSEHOLD ROLLUP,EBIETLBSLS,,
EBIETLBSLS_AFFINITY_SP1_PRD,01bja,EBIETLBSLS,Ended OK,                   0,                   0,                   0,2022-09-04 02:02:51,2022-09-04 02:03:57,220904,HOUSEHOLD ROLLUP,EBIETLBSLS,,
EBIETLBSLS_AFFINITY_SP1_PRD,5wod5,EBIETLBSLS,Ended OK,                   0,                   0,                   0,2022-08-31 02:13:45,2022-08-31 02:14:50,220831,HOUSEHOLD ROLLUP,EBIETLBSLS,,
EBIETLBSLS_AFFINITY_SP2_PRD,03j0y,EBIETLBSLS,Wait Condition,                   0,                   0,                   0,,,220907,HOUSEHOLD ROLLUP,EBIETLBSLS,2022-09-07 03:31:10,2022-09-07 03:32:10
EBIETLBSLS_AFFINITY_SP1_PRD,5xexd,EBIETLBSLS,Ended OK,                   0,                   0,                   0,2022-09-01 02:05:05,2022-09-01 02:06:12,220901,HOUSEHOLD ROLLUP,EBIETLBSLS,,
EBIETLBSLS_AFFINITY_SP1_PRD,5y715,EBIETLBSLS,Ended OK,                   0,                   0,                   0,2022-09-02 02:16:08,2022-09-02 02:17:13,220902,HOUSEHOLD ROLLUP,EBIETLBSLS,,
EBIETLBSLS_AFFINITY_SP1_PRD,022sa,EBIETLBSLS,Ended OK,                   0,                   0,                   0,2022-09-05 02:08:40,2022-09-05 02:09:44,220905,HOUSEHOLD ROLLUP,EBIETLBSLS,,
EBIETLBSLS_AFFINITY_SP1_PRD,00l9k,EBIETLBSLS,Ended OK,                   0,                   0,                   0,2022-09-03 02:05:57,2022-09-03 02:07:02,220903,HOUSEHOLD ROLLUP,EBIETLBSLS,,
EBIETLBSLS_AFFINITY_SP2_PRD,02t6w,EBIETLBSLS,Ended OK,                   0,                   0,                   0,2022-09-06 03:34:20,2022-09-06 03:35:24,220906,HOUSEHOLD ROLLUP,EBIETLBSLS,,
EBIETLBSLS_AFFINITY_SP2_PRD,01bjb,EBIETLBSLS,Ended OK,                   0,                   0,                   0,2022-09-04 05:44:14,2022-09-04 05:45:18,220904,HOUSEHOLD ROLLUP,EBIETLBSLS,,
EBIETLBSLS_AFFINITY_SP2_PRD,5wod6,EBIETLBSLS,Ended OK,                   0,                   0,                   0,2022-08-31 03:41:19,2022-08-31 03:42:23,220831,HOUSEHOLD ROLLUP,EBIETLBSLS,,
EBIETLBSLS_AFFINITY_USAFFINITYTML01,03j0z,EBIETLBSLS,Ended OK,                   0,                   0,                   0,2022-09-07 01:48:03,2022-09-07 01:49:07,220907,HOUSEHOLD ROLLUP,EBIETLBSLS,,
EBIETLBSLS_AFFINITY_SP2_PRD,5xexe,EBIETLBSLS,Ended OK,                   0,                   0,                   0,2022-09-01 03:25:03,2022-09-01 03:26:08,220901,HOUSEHOLD ROLLUP,EBIETLBSLS,,
EBIETLBSLS_AFFINITY_SP2_PRD,5y716,EBIETLBSLS,Ended OK,                   0,                   0,                   0,2022-09-02 04:27:42,2022-09-02 04:28:46,220902,HOUSEHOLD ROLLUP,EBIETLBSLS,,
EBIETLBSLS_AFFINITY_SP2_PRD,022sb,EBIETLBSLS,Ended OK,                   0,                   0,                   0,2022-09-05 03:43:55,2022-09-05 03:44:59,220905,HOUSEHOLD ROLLUP,EBIETLBSLS,,
EBIETLBSLS_AFFINITY_SP2_PRD,00l9l,EBIETLBSLS,Ended OK,                   0,                   0,                   0,2022-09-03 03:23:59,2022-09-03 03:25:04,220903,HOUSEHOLD ROLLUP,EBIETLBSLS,,
EBIETLBSLS_AFFINITY_USAFFINITYTML01,02t6x,EBIETLBSLS,Ended OK,                   0,                   0,                   0,2022-09-06 01:48:02,2022-09-06 01:49:07,220906,HOUSEHOLD ROLLUP,EBIETLBSLS,,
EBIETLBSLS_AFFINITY_USAFFINITYTML01,01bjc,EBIETLBSLS,Ended OK,                   0,                   0,                   0,2022-09-04 01:46:55,2022-09-04 01:48:01,220904,HOUSEHOLD ROLLUP,EBIETLBSLS,,
EBIETLBSLS_AFFINITY_USAFFINITYTML01,5wod7,EBIETLBSLS,Ended OK,                   0,                   0,                   0,2022-08-31 02:14:50,2022-08-31 02:15:55,220831,HOUSEHOLD ROLLUP,EBIETLBSLS,,
EBIETLBSLS_AFFINITY_USAFFRML01,03j10,EBIETLBSLS,Ended OK,                   0,                   0,                   0,2022-09-07 01:46:56,2022-09-07 01:48:02,220907,HOUSEHOLD ROLLUP,EBIETLBSLS,,
EBIETLBSLS_AFFINITY_USAFFINITYTML01,5xexf,EBIETLBSLS,Ended OK,                   0,                   0,                   0,2022-09-01 01:52:54,2022-09-01 01:54:00,220901,HOUSEHOLD ROLLUP,EBIETLBSLS,,
EBIETLBSLS_AFFINITY_USAFFINITYTML01,5y717,EBIETLBSLS,Ended OK,                   0,                   0,                   0,2022-09-02 02:17:12,2022-09-02 02:23:08,220902,HOUSEHOLD ROLLUP,EBIETLBSLS,,
EBIETLBSLS_AFFINITY_USAFFINITYTML01,022sc,EBIETLBSLS,Ended OK,                   0,                   0,                   0,2022-09-05 01:57:28,2022-09-05 01:58:43,220905,HOUSEHOLD ROLLUP,EBIETLBSLS,,
EBIETLBSLS_AFFINITY_USAFFINITYTML01,00l9m,EBIETLBSLS,Ended OK,                   0,                   0,                   0,2022-09-03 01:53:11,2022-09-03 01:54:17,220903,HOUSEHOLD ROLLUP,EBIETLBSLS,,
EBIETLBSLS_AFFINITY_USAFFRML01,02t6y,EBIETLBSLS,Ended OK,                   0,                   0,                   0,2022-09-06 01:46:55,2022-09-06 01:48:00,220906,HOUSEHOLD ROLLUP,EBIETLBSLS,,
EBIETLBSLS_AFFINITY_USAFFRML01,01bjd,EBIETLBSLS,Ended OK,                   0,                   0,                   0,2022-09-04 01:45:51,2022-09-04 01:46:55,220904,HOUSEHOLD ROLLUP,EBIETLBSLS,,
EBIETLBSLS_AFFINITY_USAFFRML01,5wod8,EBIETLBSLS,Ended OK,                   0,                   0,                   0,2022-08-31 02:13:45,2022-08-31 02:14:50,220831,HOUSEHOLD ROLLUP,EBIETLBSLS,,
EBIETLPCORE_DELL_TO_EMC_LCL_CHNL_CUST_RSTMNT_AMER,03o6x,EBIETLPCORE,Wait User,                   0,                   0,                   0,,,220907,DELL to EMC local channel customer restatement for AMER,EBIETLPCORE,2022-09-07 04:06:40,2022-09-07 04:11:25
EBIETLBSLS_AFFINITY_USAFFRML01,5xexg,EBIETLBSLS,Ended OK,                   0,                   0,                   0,2022-09-01 01:51:47,2022-09-01 01:52:54,220901,HOUSEHOLD ROLLUP,EBIETLBSLS,,
EBIETLBSLS_AFFINITY_USAFFRML01,5y718,EBIETLBSLS,Ended OK,                   0,                   0,                   0,2022-09-02 02:16:08,2022-09-02 02:17:12,220902,HOUSEHOLD ROLLUP,EBIETLBSLS,,
EBIETLBSLS_AFFINITY_USAFFRML01,022sd,EBIETLBSLS,Ended OK,                   0,                   0,                   0,2022-09-05 01:56:13,2022-09-05 01:57:28,220905,HOUSEHOLD ROLLUP,EBIETLBSLS,,
EBIETLBSLS_AFFINITY_USAFFRML01,00l9n,EBIETLBSLS,Ended OK,                   0,                   0,                   0,2022-09-03 01:52:05,2022-09-03 01:53:11,220903,HOUSEHOLD ROLLUP,EBIETLBSLS,,
EBIETLPCORE_DELL_TO_EMC_LCL_CHNL_CUST_RSTMNT_AMER,02y1v,EBIETLPCORE,Wait User,                   0,                   1,                   0,,,220906,DELL to EMC local channel customer restatement for AMER,EBIETLPCORE,,
EBIETLPCORE_DELL_TO_EMC_LCL_CHNL_CUST_RSTMNT_APJ,01ch2,EBIETLPCORE,Ended OK,                   0,                   0,                   0,2022-09-04 10:47:54,2022-09-04 10:50:01,220904,DELL to EMC local channel customer restatement for APJ,EBIETLPCORE,,
EBIETLPCORE_DELL_TO_EMC_LCL_CHNL_CUST_RSTMNT_AMER,5wp76,EBIETLPCORE,Ended OK,                   0,                   0,                   0,2022-08-31 03:53:42,2022-08-31 03:56:51,220831,DELL to EMC local channel customer restatement for AMER,EBIETLPCORE,,
EBIETLPCORE_DELL_TO_EMC_LCL_CHNL_CUST_RSTMNT_APJ,03o6y,EBIETLPCORE,Wait User,                   0,                   0,                   0,,,220907,DELL to EMC local channel customer restatement for APJ,EBIETLPCORE,2022-09-07 12:49:30,2022-09-07 12:52:19
EBIETLPCORE_DELL_TO_EMC_LCL_CHNL_CUST_RSTMNT_AMER,5xfrh,EBIETLPCORE,Ended OK,                   0,                   0,                   0,2022-09-01 03:32:10,2022-09-01 03:37:22,220901,DELL to EMC local channel customer restatement for AMER,EBIETLPCORE,,
EBIETLPCORE_DELL_TO_EMC_LCL_CHNL_CUST_RSTMNT_AMER,5y7r8,EBIETLPCORE,Ended OK,                   0,                   0,                   0,2022-09-02 03:56:39,2022-09-02 04:03:55,220902,DELL to EMC local channel customer restatement for AMER,EBIETLPCORE,,
EBIETLPCORE_DELL_TO_EMC_LCL_CHNL_CUST_RSTMNT_AMER,023q2,EBIETLPCORE,Ended OK,                   0,                   0,                   0,2022-09-05 03:35:21,2022-09-05 03:41:34,220905,DELL to EMC local channel customer restatement for AMER,EBIETLPCORE,,
EBIETLPCORE_DELL_TO_EMC_LCL_CHNL_CUST_RSTMNT_AMER,00m55,EBIETLPCORE,Ended OK,                   0,                   0,                   0,2022-09-03 04:10:09,2022-09-03 04:13:17,220903,DELL to EMC local channel customer restatement for AMER,EBIETLPCORE,,
EBIETLPCORE_DELL_TO_EMC_LCL_CHNL_CUST_RSTMNT_APJ,02y1w,EBIETLPCORE,Wait User,                   0,                   1,                   0,,,220906,DELL to EMC local channel customer restatement for APJ,EBIETLPCORE,,
EBIETLPCORE_DELL_TO_EMC_LCL_CHNL_CUST_RSTMNT_EMEA,01ch3,EBIETLPCORE,Ended OK,                   0,                   0,                   0,2022-09-04 19:57:42,2022-09-04 19:59:48,220904,DELL to EMC local channel customer restatement EMEA,EBIETLPCORE,,
EBIETLPCORE_DELL_TO_EMC_LCL_CHNL_CUST_RSTMNT_APJ,5wp77,EBIETLPCORE,Ended OK,                   0,                   0,                   0,2022-08-31 12:22:14,2022-08-31 12:24:22,220831,DELL to EMC local channel customer restatement for APJ,EBIETLPCORE,,
EBIETLPCORE_DELL_TO_EMC_LCL_CHNL_CUST_RSTMNT_EMEA,03o6z,EBIETLPCORE,Wait User,                   0,                   0,                   0,,,220907,DELL to EMC local channel customer restatement EMEA,EBIETLPCORE,2022-09-07 19:50:40,2022-09-07 19:53:25
EBIETLPCORE_DELL_TO_EMC_LCL_CHNL_CUST_RSTMNT_APJ,5xfri,EBIETLPCORE,Ended OK,                   0,                   0,                   0,2022-09-01 13:31:10,2022-09-01 13:34:19,220901,DELL to EMC local channel customer restatement for APJ,EBIETLPCORE,,
EBIETLPCORE_DELL_TO_EMC_LCL_CHNL_CUST_RSTMNT_APJ,5y7r9,EBIETLPCORE,Ended OK,                   0,                   0,                   0,2022-09-02 13:52:17,2022-09-02 13:54:25,220902,DELL to EMC local channel customer restatement for APJ,EBIETLPCORE,,
EBIETLPCORE_DELL_TO_EMC_LCL_CHNL_CUST_RSTMNT_APJ,023q3,EBIETLPCORE,Ended OK,                   0,                   0,                   0,2022-09-05 12:41:04,2022-09-05 12:44:15,220905,DELL to EMC local channel customer restatement for APJ,EBIETLPCORE,,
EBIETLPCORE_DELL_TO_EMC_LCL_CHNL_CUST_RSTMNT_APJ,00m56,EBIETLPCORE,Ended OK,                   0,                   0,                   0,2022-09-03 11:40:50,2022-09-03 11:43:58,220903,DELL to EMC local channel customer restatement for APJ,EBIETLPCORE,,
EBIETLPCORE_DELL_TO_EMC_LCL_CHNL_CUST_RSTMNT_EMEA,02y1x,EBIETLPCORE,Wait User,                   0,                   1,                   0,,,220906,DELL to EMC local channel customer restatement EMEA,EBIETLPCORE,,
EBIETLPCORE_EMC_LCL_CHNL_RSTMNT,01cha,EBIETLPCORE,Ended OK,                   0,                   0,                   0,2022-09-04 06:09:06,2022-09-04 06:12:17,220904,LOAD DATA INTO EMC PACKAGE TABLES,EBIETLPCORE,,
EBIETLPCORE_DELL_TO_EMC_LCL_CHNL_CUST_RSTMNT_EMEA,5wp78,EBIETLPCORE,Ended OK,                   0,                   0,                   0,2022-08-31 19:29:20,2022-08-31 19:32:30,220831,DELL to EMC local channel customer restatement EMEA,EBIETLPCORE,2022-08-31 19:29:20,2022-08-31 19:32:30
EBIETLPCORE_EMC_LCL_CHNL_RSTMNT,03o76,EBIETLPCORE,Wait User,                   0,                   0,                   0,,,220907,LOAD DATA INTO EMC PACKAGE TABLES,EBIETLPCORE,2022-09-07 02:51:40,2022-09-07 02:55:16
EBIETLPCORE_DELL_TO_EMC_LCL_CHNL_CUST_RSTMNT_EMEA,5xfrj,EBIETLPCORE,Ended OK,                   0,                   0,                   0,2022-09-01 19:58:30,2022-09-01 20:00:37,220901,DELL to EMC local channel customer restatement EMEA,EBIETLPCORE,,
EBIETLPCORE_DELL_TO_EMC_LCL_CHNL_CUST_RSTMNT_EMEA,5y7ra,EBIETLPCORE,Ended OK,                   0,                   0,                   0,2022-09-02 21:47:47,2022-09-02 21:50:55,220902,DELL to EMC local channel customer restatement EMEA,EBIETLPCORE,,
EBIETLPCORE_DELL_TO_EMC_LCL_CHNL_CUST_RSTMNT_EMEA,023q4,EBIETLPCORE,Ended OK,                   0,                   0,                   0,2022-09-05 19:39:32,2022-09-05 19:41:38,220905,DELL to EMC local channel customer restatement EMEA,EBIETLPCORE,,
EBIETLPCORE_DELL_TO_EMC_LCL_CHNL_CUST_RSTMNT_EMEA,00m57,EBIETLPCORE,Ended OK,                   0,                   0,                   0,2022-09-03 20:05:30,2022-09-03 20:07:38,220903,DELL to EMC local channel customer restatement EMEA,EBIETLPCORE,,
EBIETLPCORE_EMC_LCL_CHNL_RSTMNT,02y24,EBIETLPCORE,Wait User,                   0,                   1,                   0,,,220906,LOAD DATA INTO EMC PACKAGE TABLES,EBIETLPCORE,,
EBIETLPCORE_PKG_EMC_ORD_PKG,01cgr,EBIETLPCORE,Ended OK,                   0,                   0,                   0,2022-09-04 05:53:34,2022-09-04 05:54:38,220904,LOAD DATA INTO EMC PACKAGE TABLES,EBIETLPCORE,,
EBIETLPCORE_EMC_LCL_CHNL_RSTMNT,5wp7f,EBIETLPCORE,Ended OK,                   0,                   0,                   0,2022-08-31 02:16:15,2022-08-31 02:19:25,220831,LOAD DATA INTO EMC PACKAGE TABLES,EBIETLPCORE,,
EBIETLPCORE_PKG_EMC_ORD_PKG,03o6n,EBIETLPCORE,Wait User,                   0,                   0,                   0,,,220907,LOAD DATA INTO EMC PACKAGE TABLES,EBIETLPCORE,2022-09-07 02:21:50,2022-09-07 02:23:07
EBIETLPCORE_EMC_LCL_CHNL_RSTMNT,5xfrq,EBIETLPCORE,Ended OK,                   0,                   0,                   0,2022-09-01 09:59:45,2022-09-01 10:07:03,220901,LOAD DATA INTO EMC PACKAGE TABLES,EBIETLPCORE,,
EBIETLPCORE_EMC_LCL_CHNL_RSTMNT,5y7rh,EBIETLPCORE,Ended OK,                   0,                   0,                   0,2022-09-02 02:16:32,2022-09-02 02:23:07,220902,LOAD DATA INTO EMC PACKAGE TABLES,EBIETLPCORE,,
EBIETLPCORE_EMC_LCL_CHNL_RSTMNT,023qb,EBIETLPCORE,Ended OK,                   0,                   0,                   0,2022-09-05 02:29:11,2022-09-05 02:32:22,220905,LOAD DATA INTO EMC PACKAGE TABLES,EBIETLPCORE,,
EBIETLPCORE_EMC_LCL_CHNL_RSTMNT,00m5e,EBIETLPCORE,Ended OK,                   0,                   0,                   0,2022-09-03 04:27:46,2022-09-03 04:31:55,220903,LOAD DATA INTO EMC PACKAGE TABLES,EBIETLPCORE,,
EBIETLPCORE_PKG_EMC_ORD_PKG,02y1l,EBIETLPCORE,Wait User,                   0,                   1,                   0,,,220906,LOAD DATA INTO EMC PACKAGE TABLES,EBIETLPCORE,,
EBIETLPCORE_PKG_EMC_ORD_PKG_MD,01cgs,EBIETLPCORE,Ended OK,                   0,                   0,                   0,2022-09-04 13:56:46,2022-09-04 13:57:52,220904,LOAD DATA INTO EMC PACKAGE TABLES,EBIETLPCORE,,
EBIETLPCORE_PKG_EMC_ORD_PKG,5wp6w,EBIETLPCORE,Ended OK,                   0,                   0,                   0,2022-08-31 01:59:03,2022-08-31 02:00:16,220831,LOAD DATA INTO EMC PACKAGE TABLES,EBIETLPCORE,,
EBIETLPCORE_PKG_EMC_ORD_PKG_MD,03o6o,EBIETLPCORE,Wait User,                   0,                   0,                   0,,,220907,LOAD DATA INTO EMC PACKAGE TABLES,EBIETLPCORE,2022-09-07 14:04:00,2022-09-07 14:05:16
EBIETLPCORE_PKG_EMC_ORD_PKG,5xfr7,EBIETLPCORE,Ended OK,                   0,                   0,                   0,2022-09-01 09:39:54,2022-09-01 09:42:02,220901,LOAD DATA INTO EMC PACKAGE TABLES,EBIETLPCORE,,
EBIETLPCORE_PKG_EMC_ORD_PKG,5y7qy,EBIETLPCORE,Ended OK,                   0,                   0,                   0,2022-09-02 01:56:49,2022-09-02 01:57:54,220902,LOAD DATA INTO EMC PACKAGE TABLES,EBIETLPCORE,,
EBIETLPCORE_PKG_EMC_ORD_PKG,023ps,EBIETLPCORE,Ended OK,                   0,                   0,                   0,2022-09-05 02:01:10,2022-09-05 02:08:28,220905,LOAD DATA INTO EMC PACKAGE TABLES,EBIETLPCORE,,
EBIETLPCORE_PKG_EMC_ORD_PKG,00m4v,EBIETLPCORE,Ended OK,                   0,                   0,                   0,2022-09-03 03:56:45,2022-09-03 03:57:49,220903,LOAD DATA INTO EMC PACKAGE TABLES,EBIETLPCORE,,
EBIETLPCORE_PKG_EMC_ORD_PKG_MD,02y1m,EBIETLPCORE,Wait User,                   0,                   1,                   0,,,220906,LOAD DATA INTO EMC PACKAGE TABLES,EBIETLPCORE,,
EBIETLPFIN_PKG_DUMMY_ORD_ADJS,01d22,EBIETLPFIN,Ended OK,                   0,                   0,                   0,2022-09-04 14:02:22,2022-09-04 14:04:29,220904,This job will call the workflow wf_FIN_PKG_SO_DUMMY_ORD_ADJS_TD1 which will load the Dummy Order data from FIN_BASE.DMY_ORD_ADJ to DO package tables.,EBIETLPFIN,,
EBIETLPCORE_PKG_EMC_ORD_PKG_MD,5wp6x,EBIETLPCORE,Ended OK,                   0,                   0,                   0,2022-08-31 13:36:59,2022-08-31 13:38:04,220831,LOAD DATA INTO EMC PACKAGE TABLES,EBIETLPCORE,,
EBIETLPFIN_PKG_DUMMY_ORD_ADJS,03mit,EBIETLPFIN,Wait Condition,                   0,                   0,                   0,,,220907,This job will call the workflow wf_FIN_PKG_SO_DUMMY_ORD_ADJS_TD1 which will load the Dummy Order data from FIN_BASE.DMY_ORD_ADJ to DO package tables.,EBIETLPFIN,2022-09-07 14:02:40,2022-09-07 14:05:40
EBIETLPCORE_PKG_EMC_ORD_PKG_MD,5xfr8,EBIETLPCORE,Ended OK,                   0,                   0,                   0,2022-09-01 13:38:54,2022-09-01 13:39:59,220901,LOAD DATA INTO EMC PACKAGE TABLES,EBIETLPCORE,,
EBIETLPCORE_PKG_EMC_ORD_PKG_MD,5y7qz,EBIETLPCORE,Ended OK,                   0,                   0,                   0,2022-09-02 13:45:48,2022-09-02 13:46:54,220902,LOAD DATA INTO EMC PACKAGE TABLES,EBIETLPCORE,,
EBIETLPCORE_PKG_EMC_ORD_PKG_MD,023pt,EBIETLPCORE,Ended OK,                   0,                   0,                   0,2022-09-05 13:38:15,2022-09-05 13:43:28,220905,LOAD DATA INTO EMC PACKAGE TABLES,EBIETLPCORE,,
EBIETLPCORE_PKG_EMC_ORD_PKG_MD,00m4w,EBIETLPCORE,Ended OK,                   0,                   0,                   0,2022-09-03 13:55:39,2022-09-03 13:56:48,220903,LOAD DATA INTO EMC PACKAGE TABLES,EBIETLPCORE,,
EBIETLPFIN_PKG_DUMMY_ORD_ADJS,02we1,EBIETLPFIN,Ended OK,                   0,                   0,                   0,2022-09-06 14:02:10,2022-09-06 14:04:18,220906,This job will call the workflow wf_FIN_PKG_SO_DUMMY_ORD_ADJS_TD1 which will load the Dummy Order data from FIN_BASE.DMY_ORD_ADJ to DO package tables.,EBIETLPFIN,,
EBIETLPPARTY_BMS_ACCT_HIERARCY_PIVOT,01cxo,EBIETLPPARTY,Ended OK,                   0,                   0,                   0,2022-09-04 13:19:48,2022-09-04 13:22:56,220904,This is the materialized table PARTY_PKG.ACCT_HIERARCY_PIVOT from PARTY_EXTRC.ACCT_HIERARCY_PIVOT_VW,EBIETLPPARTY,,
EBIETLPFIN_PKG_DUMMY_ORD_ADJS,5wqyi,EBIETLPFIN,Ended OK,                   0,                   0,                   0,2022-08-31 14:02:22,2022-08-31 14:05:34,220831,This job will call the workflow wf_FIN_PKG_SO_DUMMY_ORD_ADJS_TD1 which will load the Dummy Order data from FIN_BASE.DMY_ORD_ADJ to DO package tables.,EBIETLPFIN,,
EBIETLPPARTY_BMS_ACCT_HIERARCY_PIVOT,03lr0,EBIETLPPARTY,Wait Condition,                   0,                   0,                   0,,,220907,This is the materialized table PARTY_PKG.ACCT_HIERARCY_PIVOT from PARTY_EXTRC.ACCT_HIERARCY_PIVOT_VW,EBIETLPPARTY,2022-09-07 13:29:40,2022-09-07 13:32:50
EBIETLPFIN_PKG_DUMMY_ORD_ADJS,5xhjo,EBIETLPFIN,Ended OK,                   0,                   0,                   0,2022-09-01 14:02:28,2022-09-01 14:05:56,220901,This job will call the workflow wf_FIN_PKG_SO_DUMMY_ORD_ADJS_TD1 which will load the Dummy Order data from FIN_BASE.DMY_ORD_ADJ to DO package tables.,EBIETLPFIN,,
EBIETLPFIN_PKG_DUMMY_ORD_ADJS,5y9et,EBIETLPFIN,Ended OK,                   0,                   0,                   0,2022-09-02 14:02:19,2022-09-02 14:06:34,220902,This job will call the workflow wf_FIN_PKG_SO_DUMMY_ORD_ADJS_TD1 which will load the Dummy Order data from FIN_BASE.DMY_ORD_ADJ to DO package tables.,EBIETLPFIN,,
EBIETLPFIN_PKG_DUMMY_ORD_ADJS,024a2,EBIETLPFIN,Ended OK,                   0,                   0,                   0,2022-09-05 14:03:16,2022-09-05 14:10:33,220905,This job will call the workflow wf_FIN_PKG_SO_DUMMY_ORD_ADJS_TD1 which will load the Dummy Order data from FIN_BASE.DMY_ORD_ADJ to DO package tables.,EBIETLPFIN,,
EBIETLPFIN_PKG_DUMMY_ORD_ADJS,00nu4,EBIETLPFIN,Ended OK,                   0,                   0,                   0,2022-09-03 14:02:11,2022-09-03 14:04:20,220903,This job will call the workflow wf_FIN_PKG_SO_DUMMY_ORD_ADJS_TD1 which will load the Dummy Order data from FIN_BASE.DMY_ORD_ADJ to DO package tables.,EBIETLPFIN,,
EBIETLPPARTY_BMS_ACCT_HIERARCY_PIVOT,02w2u,EBIETLPPARTY,Ended OK,                   0,                   0,                   0,2022-09-06 14:50:04,2022-09-06 14:53:12,220906,This is the materialized table PARTY_PKG.ACCT_HIERARCY_PIVOT from PARTY_EXTRC.ACCT_HIERARCY_PIVOT_VW,EBIETLPPARTY,,
EBIETLPPARTY_SRA_DELL_ACCT_DIM_TD1,01cx6,EBIETLPPARTY,Ended OK,                   0,                   0,                   0,2022-09-04 06:18:28,2022-09-04 06:27:48,220904,Load Data into DELL_ACCT_DIM Table,EBIETLPPARTY,,
EBIETLPPARTY_BMS_ACCT_HIERARCY_PIVOT,5wqi3,EBIETLPPARTY,Ended OK,                   0,                   0,                   0,2022-08-31 13:58:19,2022-08-31 14:00:30,220831,This is the materialized table PARTY_PKG.ACCT_HIERARCY_PIVOT from PARTY_EXTRC.ACCT_HIERARCY_PIVOT_VW,EBIETLPPARTY,,
EBIETLPPARTY_SRA_DELL_ACCT_DIM_TD1,03lqi,EBIETLPPARTY,Wait Condition,                   0,                   0,                   0,,,220907,Load Data into DELL_ACCT_DIM Table,EBIETLPPARTY,2022-09-07 04:25:40,2022-09-07 04:39:20
EBIETLPPARTY_BMS_ACCT_HIERARCY_PIVOT,5xh2a,EBIETLPPARTY,Ended OK,                   0,                   0,                   0,2022-09-01 13:19:02,2022-09-01 13:22:12,220901,This is the materialized table PARTY_PKG.ACCT_HIERARCY_PIVOT from PARTY_EXTRC.ACCT_HIERARCY_PIVOT_VW,EBIETLPPARTY,,
EBIETLPPARTY_BMS_ACCT_HIERARCY_PIVOT,5y92r,EBIETLPPARTY,Ended OK,                   0,                   0,                   0,2022-09-02 13:13:55,2022-09-02 13:19:06,220902,This is the materialized table PARTY_PKG.ACCT_HIERARCY_PIVOT from PARTY_EXTRC.ACCT_HIERARCY_PIVOT_VW,EBIETLPPARTY,,
EBIETLPPARTY_BMS_ACCT_HIERARCY_PIVOT,0245v,EBIETLPPARTY,Ended OK,                   0,                   0,                   0,2022-09-05 14:24:08,2022-09-05 14:26:14,220905,This is the materialized table PARTY_PKG.ACCT_HIERARCY_PIVOT from PARTY_EXTRC.ACCT_HIERARCY_PIVOT_VW,EBIETLPPARTY,,
EBIETLPPARTY_BMS_ACCT_HIERARCY_PIVOT,00nj2,EBIETLPPARTY,Ended OK,                   0,                   0,                   0,2022-09-03 13:14:45,2022-09-03 13:17:53,220903,This is the materialized table PARTY_PKG.ACCT_HIERARCY_PIVOT from PARTY_EXTRC.ACCT_HIERARCY_PIVOT_VW,EBIETLPPARTY,,
EBIETLPPARTY_SRA_DELL_ACCT_DIM_TD1,02w2c,EBIETLPPARTY,Ended OK,                   0,                   0,                   0,2022-09-06 04:33:34,2022-09-06 04:50:36,220906,Load Data into DELL_ACCT_DIM Table,EBIETLPPARTY,,
EBIETLPSLS_BMS_EMC_PARTNER_CREDIT,019w2,EBIETLPSLS,Ended OK,                   0,                   0,                   0,2022-09-04 01:00:04,2022-09-04 01:06:37,220904,Buidling EMC_PARTNER_CREDIT table to integrate EMC and DELL,EBIETLPSLS,,
EBIETLPPARTY_SRA_DELL_ACCT_DIM_TD1,5wqhl,EBIETLPPARTY,Ended OK,                   0,                   0,                   0,2022-08-31 03:56:52,2022-08-31 04:07:18,220831,Load Data into DELL_ACCT_DIM Table,EBIETLPPARTY,,
EBIETLPSLS_BMS_EMC_PARTNER_CREDIT,03ja4,EBIETLPSLS,Ended OK,                   0,                   0,                   0,2022-09-07 01:00:07,2022-09-07 01:06:30,220907,Buidling EMC_PARTNER_CREDIT table to integrate EMC and DELL,EBIETLPSLS,,
EBIETLPPARTY_SRA_DELL_ACCT_DIM_TD1,5xh1s,EBIETLPPARTY,Ended OK,                   0,                   0,                   0,2022-09-01 10:15:20,2022-09-01 10:32:56,220901,Load Data into DELL_ACCT_DIM Table,EBIETLPPARTY,,
EBIETLPPARTY_SRA_DELL_ACCT_DIM_TD1,5y928,EBIETLPPARTY,Ended OK,                   0,                   0,                   0,2022-09-02 04:48:29,2022-09-02 04:58:51,220902,Load Data into DELL_ACCT_DIM Table,EBIETLPPARTY,,
EBIETLPPARTY_SRA_DELL_ACCT_DIM_TD1,0245d,EBIETLPPARTY,Ended OK,                   0,                   0,                   0,2022-09-05 03:53:04,2022-09-05 04:01:26,220905,Load Data into DELL_ACCT_DIM Table,EBIETLPPARTY,,
EBIETLPPARTY_SRA_DELL_ACCT_DIM_TD1,00nii,EBIETLPPARTY,Ended OK,                   0,                   0,                   0,2022-09-03 04:45:33,2022-09-03 04:51:47,220903,Load Data into DELL_ACCT_DIM Table,EBIETLPPARTY,,
EBIETLPSLS_BMS_EMC_PARTNER_CREDIT,02sz9,EBIETLPSLS,Ended OK,                   0,                   0,                   0,2022-09-06 01:00:06,2022-09-06 01:07:23,220906,Buidling EMC_PARTNER_CREDIT table to integrate EMC and DELL,EBIETLPSLS,,
EBIETLPSLS_BMS_EMC_PARTNER_CREDIT_MD,019wz,EBIETLPSLS,Ended OK,                   0,                   0,                   0,2022-09-04 13:00:01,2022-09-04 13:05:17,220904,2nd pull for EMC_PARTNER_CREDIT table from EMC in DDW,EBIETLPSLS,,
EBIETLPSLS_BMS_EMC_PARTNER_CREDIT,5wmrf,EBIETLPSLS,Ended OK,                   0,                   0,                   0,2022-08-31 01:00:08,2022-08-31 01:06:31,220831,Buidling EMC_PARTNER_CREDIT table to integrate EMC and DELL,EBIETLPSLS,,
EBIETLPSLS_BMS_EMC_PARTNER_CREDIT_MD,03jb1,EBIETLPSLS,Wait Condition,                   0,                   0,                   0,,,220907,2nd pull for EMC_PARTNER_CREDIT table from EMC in DDW,EBIETLPSLS,2022-09-07 13:00:00,2022-09-07 13:05:20
EBIETLPSLS_BMS_EMC_PARTNER_CREDIT,5xdc4,EBIETLPSLS,Ended OK,                   0,                   0,                   0,2022-09-01 01:00:07,2022-09-01 01:05:33,220901,Buidling EMC_PARTNER_CREDIT table to integrate EMC and DELL,EBIETLPSLS,,
EBIETLPSLS_BMS_EMC_PARTNER_CREDIT,5y5bq,EBIETLPSLS,Ended OK,                   0,                   0,                   0,2022-09-02 01:00:10,2022-09-02 01:07:58,220902,Buidling EMC_PARTNER_CREDIT table to integrate EMC and DELL,EBIETLPSLS,,
EBIETLPSLS_BMS_EMC_PARTNER_CREDIT,0216q,EBIETLPSLS,Ended OK,                   0,                   0,                   0,2022-09-05 01:00:08,2022-09-05 01:05:22,220905,Buidling EMC_PARTNER_CREDIT table to integrate EMC and DELL,EBIETLPSLS,,
EBIETLPSLS_BMS_EMC_PARTNER_CREDIT,00jn2,EBIETLPSLS,Ended OK,                   0,                   0,                   0,2022-09-03 01:00:08,2022-09-03 01:05:29,220903,Buidling EMC_PARTNER_CREDIT table to integrate EMC and DELL,EBIETLPSLS,,
EBIETLPSLS_BMS_EMC_PARTNER_CREDIT_MD,02t06,EBIETLPSLS,Ended OK,                   0,                   0,                   0,2022-09-06 13:00:02,2022-09-06 13:05:16,220906,2nd pull for EMC_PARTNER_CREDIT table from EMC in DDW,EBIETLPSLS,,
EBIETLPSLS_CUST_ACCT_MAP_TD1,019vi,EBIETLPSLS,Ended OK,                   0,                   0,                   0,2022-09-04 06:29:54,2022-09-04 06:37:09,220904,This will load data into CUST_ACCT_MAP table,EBIETLPSLS,,
EBIETLPSLS_BMS_EMC_PARTNER_CREDIT_MD,5wmsc,EBIETLPSLS,Ended OK,                   0,                   0,                   0,2022-08-31 13:00:02,2022-08-31 13:05:31,220831,2nd pull for EMC_PARTNER_CREDIT table from EMC in DDW,EBIETLPSLS,,
EBIETLPSLS_CUST_ACCT_MAP_TD1,03j9k,EBIETLPSLS,Wait Condition,                   0,                   0,                   0,,,220907,This will load data into CUST_ACCT_MAP table,EBIETLPSLS,2022-09-07 04:41:20,2022-09-07 04:47:40
EBIETLPSLS_BMS_EMC_PARTNER_CREDIT_MD,5xdd1,EBIETLPSLS,Ended OK,                   0,                   0,                   0,2022-09-01 13:00:02,2022-09-01 13:06:29,220901,2nd pull for EMC_PARTNER_CREDIT table from EMC in DDW,EBIETLPSLS,,
EBIETLPSLS_BMS_EMC_PARTNER_CREDIT_MD,5y5cn,EBIETLPSLS,Ended OK,                   0,                   0,                   0,2022-09-02 13:00:03,2022-09-02 13:07:28,220902,2nd pull for EMC_PARTNER_CREDIT table from EMC in DDW,EBIETLPSLS,,
EBIETLPSLS_BMS_EMC_PARTNER_CREDIT_MD,0217n,EBIETLPSLS,Ended OK,                   0,                   0,                   0,2022-09-05 13:00:02,2022-09-05 13:08:25,220905,2nd pull for EMC_PARTNER_CREDIT table from EMC in DDW,EBIETLPSLS,,
EBIETLPSLS_BMS_EMC_PARTNER_CREDIT_MD,00jnz,EBIETLPSLS,Ended OK,                   0,                   0,                   0,2022-09-03 13:00:02,2022-09-03 13:04:17,220903,2nd pull for EMC_PARTNER_CREDIT table from EMC in DDW,EBIETLPSLS,,
EBIETLPSLS_CUST_ACCT_MAP_TD1,02syp,EBIETLPSLS,Ended OK,                   0,                   0,                   0,2022-09-06 04:51:41,2022-09-06 04:59:02,220906,This will load data into CUST_ACCT_MAP table,EBIETLPSLS,,
EBIETLPSLS_OAM_AMER,019zy,EBIETLPSLS,Ended OK,                   0,                   0,                   0,2022-09-04 03:07:06,2022-09-04 04:07:55,220904,Extract Data For ord acct map amerTable,EBIETLPSLS,,
EBIETLPSLS_CUST_ACCT_MAP_TD1,5wmqv,EBIETLPSLS,Ended OK,                   0,                   0,                   0,2022-08-31 04:08:26,2022-08-31 04:14:42,220831,This will load data into CUST_ACCT_MAP table,EBIETLPSLS,,
EBIETLPSLS_OAM_AMER,03jdz,EBIETLPSLS,Wait Condition,                   0,                   0,                   0,,,220907,Extract Data For ord acct map amerTable,EBIETLPSLS,2022-09-07 03:06:20,2022-09-07 03:50:10
EBIETLPSLS_CUST_ACCT_MAP_TD1,5xdbk,EBIETLPSLS,Ended OK,                   0,                   0,                   0,2022-09-01 10:36:06,2022-09-01 10:44:24,220901,This will load data into CUST_ACCT_MAP table,EBIETLPSLS,,
EBIETLPSLS_CUST_ACCT_MAP_TD1,5y5b6,EBIETLPSLS,Ended OK,                   0,                   0,                   0,2022-09-02 05:00:58,2022-09-02 05:30:55,220902,This will load data into CUST_ACCT_MAP table,EBIETLPSLS,,
EBIETLPSLS_CUST_ACCT_MAP_TD1,02166,EBIETLPSLS,Ended OK,                   0,                   0,                   0,2022-09-05 04:04:37,2022-09-05 04:13:57,220905,This will load data into CUST_ACCT_MAP table,EBIETLPSLS,,
EBIETLPSLS_CUST_ACCT_MAP_TD1,00jm6,EBIETLPSLS,Ended OK,                   0,                   0,                   0,2022-09-03 04:52:53,2022-09-03 04:56:01,220903,This will load data into CUST_ACCT_MAP table,EBIETLPSLS,,
EBIETLPSLS_OAM_AMER,02t34,EBIETLPSLS,Ended OK,                   0,                   0,                   0,2022-09-06 03:16:48,2022-09-06 03:58:04,220906,Extract Data For ord acct map amerTable,EBIETLPSLS,,
EBIETLPSLS_OAM_APJ,019xa,EBIETLPSLS,Ended OK,                   0,                   0,                   0,2022-09-04 10:17:52,2022-09-04 10:47:53,220904,Extract Data For ord acct map apj Table,EBIETLPSLS,,
EBIETLPSLS_OAM_AMER,5wmva,EBIETLPSLS,Ended OK,                   0,                   0,                   0,2022-08-31 03:21:08,2022-08-31 03:52:36,220831,Extract Data For ord acct map amerTable,EBIETLPSLS,,
EBIETLPSLS_OAM_APJ,03jbc,EBIETLPSLS,Wait Condition,                   0,                   0,                   0,,,220907,Extract Data For ord acct map apj Table,EBIETLPSLS,2022-09-07 11:25:40,2022-09-07 11:58:20
EBIETLPSLS_OAM_AMER,5xdfz,EBIETLPSLS,Ended OK,                   0,                   0,                   0,2022-09-01 02:57:54,2022-09-01 03:31:00,220901,Extract Data For ord acct map amerTable,EBIETLPSLS,,
EBIETLPSLS_OAM_AMER,5y5fl,EBIETLPSLS,Ended OK,                   0,                   0,                   0,2022-09-02 03:25:05,2022-09-02 03:55:26,220902,Extract Data For ord acct map amerTable,EBIETLPSLS,,
EBIETLPSLS_OAM_AMER,021al,EBIETLPSLS,Ended OK,                   0,                   0,                   0,2022-09-05 02:57:53,2022-09-05 03:34:14,220905,Extract Data For ord acct map amerTable,EBIETLPSLS,,
EBIETLPSLS_OAM_AMER,00jqy,EBIETLPSLS,Ended OK,                   0,                   0,                   0,2022-09-03 03:08:14,2022-09-03 04:09:03,220903,Extract Data For ord acct map amerTable,EBIETLPSLS,,
EBIETLPSLS_OAM_APJ,02t0h,EBIETLPSLS,Ended OK,                   0,                   0,                   0,2022-09-06 12:13:39,2022-09-06 12:34:17,220906,Extract Data For ord acct map apj Table,EBIETLPSLS,,
EBIETLPSLS_OAM_EMC,019zz,EBIETLPSLS,Ended OK,                   0,                   0,                   0,2022-09-04 05:54:39,2022-09-04 06:09:06,220904,load for SLS_PKG.ORD_ACCT_ASSN_EMC,EBIETLPSLS,,
EBIETLPSLS_OAM_APJ,5wmsn,EBIETLPSLS,Ended OK,                   0,                   0,                   0,2022-08-31 11:55:53,2022-08-31 12:22:13,220831,Extract Data For ord acct map apj Table,EBIETLPSLS,,
EBIETLPSLS_OAM_EMC,03je0,EBIETLPSLS,Wait Condition,                   0,                   0,                   0,,,220907,load for SLS_PKG.ORD_ACCT_ASSN_EMC,EBIETLPSLS,2022-09-07 02:42:50,2022-09-07 02:58:30
EBIETLPSLS_OAM_APJ,5xddc,EBIETLPSLS,Ended OK,                   0,                   0,                   0,2022-09-01 12:14:42,2022-09-01 13:31:10,220901,Extract Data For ord acct map apj Table,EBIETLPSLS,,
EBIETLPSLS_OAM_APJ,5y5cy,EBIETLPSLS,Ended OK,                   0,                   0,                   0,2022-09-02 13:33:35,2022-09-02 13:52:15,220902,Extract Data For ord acct map apj Table,EBIETLPSLS,,
EBIETLPSLS_OAM_APJ,0217y,EBIETLPSLS,Ended OK,                   0,                   0,                   0,2022-09-05 11:53:36,2022-09-05 12:41:01,220905,Extract Data For ord acct map apj Table,EBIETLPSLS,,
EBIETLPSLS_OAM_APJ,00joa,EBIETLPSLS,Ended OK,                   0,                   0,                   0,2022-09-03 11:02:34,2022-09-03 11:40:50,220903,Extract Data For ord acct map apj Table,EBIETLPSLS,,
EBIETLPSLS_OAM_EMC,02t35,EBIETLPSLS,Ended OK,                   0,                   0,                   0,2022-09-06 02:33:34,2022-09-06 02:42:53,220906,load for SLS_PKG.ORD_ACCT_ASSN_EMC,EBIETLPSLS,,
EBIETLPSLS_OAM_EMC_MD,019xb,EBIETLPSLS,Ended OK,                   0,                   0,                   0,2022-09-04 13:57:53,2022-09-04 14:13:22,220904,Extract Data For ord acct map EMCTable,EBIETLPSLS,,
EBIETLPSLS_OAM_EMC,5wmvb,EBIETLPSLS,Ended OK,                   0,                   0,                   0,2022-08-31 02:00:18,2022-08-31 02:16:14,220831,load for SLS_PKG.ORD_ACCT_ASSN_EMC,EBIETLPSLS,,
EBIETLPSLS_OAM_EMC_MD,03jbd,EBIETLPSLS,Wait Condition,                   0,                   0,                   0,,,220907,Extract Data For ord acct map EMCTable,EBIETLPSLS,2022-09-07 14:26:40,2022-09-07 14:40:10
EBIETLPSLS_OAM_EMC,5xdg0,EBIETLPSLS,Ended OK,                   0,                   0,                   0,2022-09-01 09:42:02,2022-09-01 09:59:44,220901,load for SLS_PKG.ORD_ACCT_ASSN_EMC,EBIETLPSLS,,
EBIETLPSLS_OAM_EMC,5y5fm,EBIETLPSLS,Ended OK,                   0,                   0,                   0,2022-09-02 01:57:55,2022-09-02 02:16:32,220902,load for SLS_PKG.ORD_ACCT_ASSN_EMC,EBIETLPSLS,,
EBIETLPSLS_OAM_EMC,021am,EBIETLPSLS,Ended OK,                   0,                   0,                   0,2022-09-05 02:08:29,2022-09-05 02:29:10,220905,load for SLS_PKG.ORD_ACCT_ASSN_EMC,EBIETLPSLS,,
EBIETLPSLS_OAM_EMC,00jqz,EBIETLPSLS,Ended OK,                   0,                   0,                   0,2022-09-03 04:16:23,2022-09-03 04:27:45,220903,load for SLS_PKG.ORD_ACCT_ASSN_EMC,EBIETLPSLS,,
EBIETLPSLS_OAM_EMC_MD,02t0i,EBIETLPSLS,Ended OK,                   0,                   0,                   0,2022-09-06 14:13:33,2022-09-06 14:26:59,220906,Extract Data For ord acct map EMCTable,EBIETLPSLS,,
EBIETLPSLS_OAM_EMEA,019zx,EBIETLPSLS,Ended OK,                   0,                   0,                   0,2022-09-04 19:09:14,2022-09-04 19:57:41,220904,Extract Data For ord acct map emeaTable,EBIETLPSLS,,
EBIETLPSLS_OAM_EMC_MD,5wmso,EBIETLPSLS,Ended OK,                   0,                   0,                   0,2022-08-31 13:38:04,2022-08-31 13:47:28,220831,Extract Data For ord acct map EMCTable,EBIETLPSLS,,
EBIETLPSLS_OAM_EMEA,03jdy,EBIETLPSLS,Wait Condition,                   0,                   0,                   0,,,220907,Extract Data For ord acct map emeaTable,EBIETLPSLS,2022-09-07 19:18:20,2022-09-07 19:46:20
EBIETLPSLS_OAM_EMC_MD,5xddd,EBIETLPSLS,Ended OK,                   0,                   0,                   0,2022-09-01 13:50:11,2022-09-01 14:02:40,220901,Extract Data For ord acct map EMCTable,EBIETLPSLS,,
EBIETLPSLS_OAM_EMC_MD,5y5cz,EBIETLPSLS,Ended OK,                   0,                   0,                   0,2022-09-02 13:54:26,2022-09-02 14:06:10,220902,Extract Data For ord acct map EMCTable,EBIETLPSLS,,
EBIETLPSLS_OAM_EMC_MD,0217z,EBIETLPSLS,Ended OK,                   0,                   0,                   0,2022-09-05 13:43:28,2022-09-05 13:58:58,220905,Extract Data For ord acct map EMCTable,EBIETLPSLS,,
EBIETLPSLS_OAM_EMC_MD,00job,EBIETLPSLS,Ended OK,                   0,                   0,                   0,2022-09-03 13:56:49,2022-09-03 14:11:16,220903,Extract Data For ord acct map EMCTable,EBIETLPSLS,,
EBIETLPSLS_OAM_EMEA,02t33,EBIETLPSLS,Ended OK,                   0,                   0,                   0,2022-09-06 19:30:19,2022-09-06 19:49:00,220906,Extract Data For ord acct map emeaTable,EBIETLPSLS,,
EBIETLPSLS_SRA_ORD_ACCT_MAP_AMER_DLY_TD1,01a30,EBIETLPSLS,Ended OK,                   0,                   0,                   0,2022-09-04 03:07:04,2022-09-04 03:07:05,220904,Extract Data For ord acct map amerTable,,,
EBIETLPSLS_OAM_EMEA,5wmv9,EBIETLPSLS,Ended OK,                   0,                   0,                   0,2022-08-31 19:10:30,2022-08-31 19:29:19,220831,Extract Data For ord acct map emeaTable,EBIETLPSLS,,
EBIETLPSLS_SRA_ORD_ACCT_MAP_AMER_DLY_TD1,03jgy,EBIETLPSLS,Wait Condition,                   0,                   0,                   0,,,220907,Extract Data For ord acct map amerTable,,2022-09-07 03:06:10,2022-09-07 03:06:20
EBIETLPSLS_OAM_EMEA,5xdfy,EBIETLPSLS,Ended OK,                   0,                   0,                   0,2022-09-01 19:43:54,2022-09-01 19:58:29,220901,Extract Data For ord acct map emeaTable,EBIETLPSLS,,
EBIETLPSLS_OAM_EMEA,5y5fk,EBIETLPSLS,Ended OK,                   0,                   0,                   0,2022-09-02 21:13:36,2022-09-02 21:34:20,220902,Extract Data For ord acct map emeaTable,EBIETLPSLS,,
EBIETLPSLS_OAM_EMEA,021ak,EBIETLPSLS,Ended OK,                   0,                   0,                   0,2022-09-05 19:17:51,2022-09-05 19:39:31,220905,Extract Data For ord acct map emeaTable,EBIETLPSLS,,
EBIETLPSLS_OAM_EMEA,00jqx,EBIETLPSLS,Ended OK,                   0,                   0,                   0,2022-09-03 19:16:47,2022-09-03 20:05:30,220903,Extract Data For ord acct map emeaTable,EBIETLPSLS,,
EBIETLPSLS_SRA_ORD_ACCT_MAP_AMER_DLY_TD1,02t63,EBIETLPSLS,Ended OK,                   0,                   0,                   0,2022-09-06 03:16:46,2022-09-06 03:16:47,220906,Extract Data For ord acct map amerTable,,,
EBIETLPSLS_SRA_ORD_ACCT_MAP_APJ_DLY_TD1,01a31,EBIETLPSLS,Ended OK,                   0,                   0,                   0,2022-09-04 10:17:50,2022-09-04 10:17:52,220904,Extract Data For ord acct map apj Table,,,
EBIETLPSLS_SRA_ORD_ACCT_MAP_AMER_DLY_TD1,5wmy9,EBIETLPSLS,Ended OK,                   0,                   0,                   0,2022-08-31 03:21:06,2022-08-31 03:21:08,220831,Extract Data For ord acct map amerTable,,,
EBIETLPSLS_SRA_ORD_ACCT_MAP_APJ_DLY_TD1,03jgz,EBIETLPSLS,Wait Condition,                   0,                   0,                   0,,,220907,Extract Data For ord acct map apj Table,,2022-09-07 11:25:30,2022-09-07 11:25:40
EBIETLPSLS_SRA_ORD_ACCT_MAP_AMER_DLY_TD1,5xdiy,EBIETLPSLS,Ended OK,                   0,                   0,                   0,2022-09-01 02:57:52,2022-09-01 02:57:53,220901,Extract Data For ord acct map amerTable,,,
EBIETLPSLS_SRA_ORD_ACCT_MAP_AMER_DLY_TD1,5y5ik,EBIETLPSLS,Ended OK,                   0,                   0,                   0,2022-09-02 03:22:47,2022-09-02 03:22:49,220902,Extract Data For ord acct map amerTable,,,
EBIETLPSLS_SRA_ORD_ACCT_MAP_AMER_DLY_TD1,021dp,EBIETLPSLS,Ended OK,                   0,                   0,                   0,2022-09-05 02:57:51,2022-09-05 02:57:52,220905,Extract Data For ord acct map amerTable,,,
EBIETLPSLS_SRA_ORD_ACCT_MAP_AMER_DLY_TD1,00ju0,EBIETLPSLS,Ended OK,                   0,                   0,                   0,2022-09-03 03:08:13,2022-09-03 03:08:14,220903,Extract Data For ord acct map amerTable,,,
EBIETLPSLS_SRA_ORD_ACCT_MAP_APJ_DLY_TD1,02t64,EBIETLPSLS,Ended OK,                   0,                   0,                   0,2022-09-06 12:13:36,2022-09-06 12:13:38,220906,Extract Data For ord acct map apj Table,,,
EBIETLPSLS_SRA_ORD_ACCT_MAP_EMEA_DLY_TD1,01a2z,EBIETLPSLS,Ended OK,                   0,                   0,                   0,2022-09-04 19:09:12,2022-09-04 19:09:14,220904,Extract Data For ord acct map emeaTable,,,
EBIETLPSLS_SRA_ORD_ACCT_MAP_APJ_DLY_TD1,5wmya,EBIETLPSLS,Ended OK,                   0,                   0,                   0,2022-08-31 11:55:51,2022-08-31 11:55:53,220831,Extract Data For ord acct map apj Table,,,
EBIETLPSLS_SRA_ORD_ACCT_MAP_EMEA_DLY_TD1,03jgx,EBIETLPSLS,Wait Condition,                   0,                   0,                   0,,,220907,Extract Data For ord acct map emeaTable,,2022-09-07 19:18:10,2022-09-07 19:18:20
EBIETLPSLS_SRA_ORD_ACCT_MAP_APJ_DLY_TD1,5xdiz,EBIETLPSLS,Ended OK,                   0,                   0,                   0,2022-09-01 12:14:39,2022-09-01 12:14:41,220901,Extract Data For ord acct map apj Table,,,
EBIETLPSLS_SRA_ORD_ACCT_MAP_APJ_DLY_TD1,5y5il,EBIETLPSLS,Ended OK,                   0,                   0,                   0,2022-09-02 13:33:32,2022-09-02 13:33:35,220902,Extract Data For ord acct map apj Table,,,
EBIETLPSLS_SRA_ORD_ACCT_MAP_APJ_DLY_TD1,021dq,EBIETLPSLS,Ended OK,                   0,                   0,                   0,2022-09-05 11:53:34,2022-09-05 11:53:36,220905,Extract Data For ord acct map apj Table,,,
EBIETLPSLS_SRA_ORD_ACCT_MAP_APJ_DLY_TD1,00ju1,EBIETLPSLS,Ended OK,                   0,                   0,                   0,2022-09-03 11:02:32,2022-09-03 11:02:34,220903,Extract Data For ord acct map apj Table,,,
EBIETLPSLS_SRA_ORD_ACCT_MAP_EMEA_DLY_TD1,02t62,EBIETLPSLS,Ended OK,                   0,                   0,                   0,2022-09-06 19:30:17,2022-09-06 19:30:19,220906,Extract Data For ord acct map emeaTable,,,
EBIETLPSLS_SRA_ORD_MAILER_CD_ACCT_TD1,019vf,EBIETLPSLS,Ended OK,                   0,                   0,                   0,2022-09-04 03:04:56,2022-09-04 03:07:03,220904,This will load data into ORD_MAILER_CD_ACCT table,EBIETLPSLS,,
EBIETLPSLS_SRA_ORD_ACCT_MAP_EMEA_DLY_TD1,5wmy8,EBIETLPSLS,Ended OK,                   0,                   0,                   0,2022-08-31 19:10:27,2022-08-31 19:10:29,220831,Extract Data For ord acct map emeaTable,,,
EBIETLPSLS_SRA_ORD_MAILER_CD_ACCT_TD1,03j9h,EBIETLPSLS,Wait Condition,                   0,                   0,                   0,,,220907,This will load data into ORD_MAILER_CD_ACCT table,EBIETLPSLS,2022-09-07 03:04:40,2022-09-07 03:06:10
EBIETLPSLS_SRA_ORD_ACCT_MAP_EMEA_DLY_TD1,5xdix,EBIETLPSLS,Ended OK,                   0,                   0,                   0,2022-09-01 19:43:52,2022-09-01 19:43:53,220901,Extract Data For ord acct map emeaTable,,,
EBIETLPSLS_SRA_ORD_ACCT_MAP_EMEA_DLY_TD1,5y5ij,EBIETLPSLS,Ended OK,                   0,                   0,                   0,2022-09-02 21:13:33,2022-09-02 21:13:35,220902,Extract Data For ord acct map emeaTable,,,
EBIETLPSLS_SRA_ORD_ACCT_MAP_EMEA_DLY_TD1,021do,EBIETLPSLS,Ended OK,                   0,                   0,                   0,2022-09-05 19:17:48,2022-09-05 19:17:50,220905,Extract Data For ord acct map emeaTable,,,
EBIETLPSLS_SRA_ORD_ACCT_MAP_EMEA_DLY_TD1,00jtz,EBIETLPSLS,Ended OK,                   0,                   0,                   0,2022-09-03 19:16:45,2022-09-03 19:16:47,220903,Extract Data For ord acct map emeaTable,,,
EBIETLPSLS_SRA_ORD_MAILER_CD_ACCT_TD1,02sym,EBIETLPSLS,Ended OK,                   0,                   0,                   0,2022-09-06 03:13:34,2022-09-06 03:16:46,220906,This will load data into ORD_MAILER_CD_ACCT table,EBIETLPSLS,,
EBIETLPSLS_SRA_PW_PO_BAND_AMER_TD1,019vh,EBIETLPSLS,Ended OK,                   0,                   0,                   0,2022-09-04 04:18:31,2022-09-04 04:27:49,220904,Extract Data for PO Band Amer,EBIETLPSLS,,
EBIETLPSLS_SRA_ORD_MAILER_CD_ACCT_TD1,5wmqs,EBIETLPSLS,Ended OK,                   0,                   0,                   0,2022-08-31 03:18:59,2022-08-31 03:21:06,220831,This will load data into ORD_MAILER_CD_ACCT table,EBIETLPSLS,,
EBIETLPSLS_SRA_PW_PO_BAND_AMER_TD1,03j9j,EBIETLPSLS,Wait Condition,                   0,                   0,                   0,,,220907,Extract Data for PO Band Amer,EBIETLPSLS,2022-09-07 04:25:40,2022-09-07 04:38:30
EBIETLPSLS_SRA_ORD_MAILER_CD_ACCT_TD1,5xdbh,EBIETLPSLS,Ended OK,                   0,                   0,                   0,2022-09-01 02:56:47,2022-09-01 02:57:51,220901,This will load data into ORD_MAILER_CD_ACCT table,EBIETLPSLS,,
EBIETLPSLS_SRA_ORD_MAILER_CD_ACCT_TD1,5y5b3,EBIETLPSLS,Ended OK,                   0,                   0,                   0,2022-09-02 03:22:49,2022-09-02 03:25:00,220902,This will load data into ORD_MAILER_CD_ACCT table,EBIETLPSLS,,
EBIETLPSLS_SRA_ORD_MAILER_CD_ACCT_TD1,02163,EBIETLPSLS,Ended OK,                   0,                   0,                   0,2022-09-05 02:56:46,2022-09-05 02:57:51,220905,This will load data into ORD_MAILER_CD_ACCT table,EBIETLPSLS,,
EBIETLPSLS_SRA_ORD_MAILER_CD_ACCT_TD1,00jm3,EBIETLPSLS,Ended OK,                   0,                   0,                   0,2022-09-03 03:07:08,2022-09-03 03:08:13,220903,This will load data into ORD_MAILER_CD_ACCT table,EBIETLPSLS,,
EBIETLPSLS_SRA_PW_PO_BAND_AMER_TD1,02syo,EBIETLPSLS,Ended OK,                   0,                   0,                   0,2022-09-06 04:33:34,2022-09-06 04:50:19,220906,Extract Data for PO Band Amer,EBIETLPSLS,,
EBIETLPSLS_SRA_PW_PO_BAND_APJ_TD1,019vc,EBIETLPSLS,Ended OK,                   0,                   0,                   0,2022-09-04 10:50:02,2022-09-04 10:54:12,220904,Extract Data for PO Band APJ,EBIETLPSLS,,
EBIETLPSLS_SRA_PW_PO_BAND_AMER_TD1,5wmqu,EBIETLPSLS,Ended OK,                   0,                   0,                   0,2022-08-31 03:56:52,2022-08-31 04:08:22,220831,Extract Data for PO Band Amer,EBIETLPSLS,,
EBIETLPSLS_SRA_PW_PO_BAND_APJ_TD1,03j9e,EBIETLPSLS,Wait Condition,                   0,                   0,                   0,,,220907,Extract Data for PO Band APJ,EBIETLPSLS,2022-09-07 12:17:40,2022-09-07 12:22:40
EBIETLPSLS_SRA_PW_PO_BAND_AMER_TD1,5xdbj,EBIETLPSLS,Ended OK,                   0,                   0,                   0,2022-09-01 03:37:22,2022-09-01 03:46:42,220901,Extract Data for PO Band Amer,EBIETLPSLS,,
EBIETLPSLS_SRA_PW_PO_BAND_AMER_TD1,5y5b5,EBIETLPSLS,Ended OK,                   0,                   0,                   0,2022-09-02 04:03:56,2022-09-02 04:23:32,220902,Extract Data for PO Band Amer,EBIETLPSLS,,
EBIETLPSLS_SRA_PW_PO_BAND_AMER_TD1,02165,EBIETLPSLS,Ended OK,                   0,                   0,                   0,2022-09-05 03:41:34,2022-09-05 03:55:00,220905,Extract Data for PO Band Amer,EBIETLPSLS,,
EBIETLPSLS_SRA_PW_PO_BAND_AMER_TD1,00jm5,EBIETLPSLS,Ended OK,                   0,                   0,                   0,2022-09-03 04:13:18,2022-09-03 04:21:35,220903,Extract Data for PO Band Amer,EBIETLPSLS,,
EBIETLPSLS_SRA_PW_PO_BAND_APJ_TD1,02syj,EBIETLPSLS,Ended OK,                   0,                   0,                   0,2022-09-06 12:53:34,2022-09-06 12:56:43,220906,Extract Data for PO Band APJ,EBIETLPSLS,,
EBIETLPSLS_SRA_PW_PO_BAND_EMC_TD1,019vg,EBIETLPSLS,Ended OK,                   0,                   0,                   0,2022-09-04 06:12:17,2022-09-04 06:14:23,220904,Extract Data for PO Band EMEA,EBIETLPSLS,,
EBIETLPSLS_SRA_PW_PO_BAND_APJ_TD1,5wmqp,EBIETLPSLS,Ended OK,                   0,                   0,                   0,2022-08-31 12:24:22,2022-08-31 12:28:34,220831,Extract Data for PO Band APJ,EBIETLPSLS,,
EBIETLPSLS_SRA_PW_PO_BAND_EMC_TD1,03j9i,EBIETLPSLS,Wait Condition,                   0,                   0,                   0,,,220907,Extract Data for PO Band EMEA,EBIETLPSLS,2022-09-07 03:00:40,2022-09-07 03:03:00
EBIETLPSLS_SRA_PW_PO_BAND_APJ_TD1,5xdbe,EBIETLPSLS,Ended OK,                   0,                   0,                   0,2022-09-01 13:34:19,2022-09-01 13:38:33,220901,Extract Data for PO Band APJ,EBIETLPSLS,,
EBIETLPSLS_SRA_PW_PO_BAND_APJ_TD1,5y5b0,EBIETLPSLS,Ended OK,                   0,                   0,                   0,2022-09-02 13:54:26,2022-09-02 13:57:34,220902,Extract Data for PO Band APJ,EBIETLPSLS,,
EBIETLPSLS_SRA_PW_PO_BAND_APJ_TD1,02160,EBIETLPSLS,Ended OK,                   0,                   0,                   0,2022-09-05 12:44:15,2022-09-05 13:03:51,220905,Extract Data for PO Band APJ,EBIETLPSLS,,
EBIETLPSLS_SRA_PW_PO_BAND_APJ_TD1,00jm0,EBIETLPSLS,Ended OK,                   0,                   0,                   0,2022-09-03 11:43:58,2022-09-03 11:51:14,220903,Extract Data for PO Band APJ,EBIETLPSLS,,
EBIETLPSLS_SRA_PW_PO_BAND_EMC_TD1,02syn,EBIETLPSLS,Ended OK,                   0,                   0,                   0,2022-09-06 02:45:06,2022-09-06 02:47:13,220906,Extract Data for PO Band EMEA,EBIETLPSLS,,
EBIETLPSLS_SRA_PW_PO_BAND_EMC_TD1_MD,019vb,EBIETLPSLS,Ended OK,                   0,                   0,                   0,2022-09-04 13:57:53,2022-09-04 13:58:57,220904,Extract Data for PO Band EMC2,EBIETLPSLS,,
EBIETLPSLS_SRA_PW_PO_BAND_EMC_TD1,5wmqt,EBIETLPSLS,Ended OK,                   0,                   0,                   0,2022-08-31 02:19:25,2022-08-31 02:20:31,220831,Extract Data for PO Band EMEA,EBIETLPSLS,,
EBIETLPSLS_SRA_PW_PO_BAND_EMC_TD1_MD,03j9d,EBIETLPSLS,Wait Condition,                   0,                   0,                   0,,,220907,Extract Data for PO Band EMC2,EBIETLPSLS,2022-09-07 14:26:40,2022-09-07 14:28:40
EBIETLPSLS_SRA_PW_PO_BAND_EMC_TD1,5xdbi,EBIETLPSLS,Ended OK,                   0,                   0,                   0,2022-09-01 10:07:04,2022-09-01 10:13:19,220901,Extract Data for PO Band EMEA,EBIETLPSLS,,
EBIETLPSLS_SRA_PW_PO_BAND_EMC_TD1,5y5b4,EBIETLPSLS,Ended OK,                   0,                   0,                   0,2022-09-02 02:34:10,2022-09-02 02:37:19,220902,Extract Data for PO Band EMEA,EBIETLPSLS,,
EBIETLPSLS_SRA_PW_PO_BAND_EMC_TD1,02164,EBIETLPSLS,Ended OK,                   0,                   0,                   0,2022-09-05 02:32:22,2022-09-05 02:35:33,220905,Extract Data for PO Band EMEA,EBIETLPSLS,,
EBIETLPSLS_SRA_PW_PO_BAND_EMC_TD1,00jm4,EBIETLPSLS,Ended OK,                   0,                   0,                   0,2022-09-03 04:31:55,2022-09-03 04:35:03,220903,Extract Data for PO Band EMEA,EBIETLPSLS,,
EBIETLPSLS_SRA_PW_PO_BAND_EMC_TD1_MD,02syi,EBIETLPSLS,Ended OK,                   0,                   0,                   0,2022-09-06 14:13:33,2022-09-06 14:16:41,220906,Extract Data for PO Band EMC2,EBIETLPSLS,,
EBIETLPSLS_SRA_PW_PO_BAND_EMEA_TD1,019vd,EBIETLPSLS,Ended OK,                   0,                   0,                   0,2022-09-04 19:59:49,2022-09-04 20:07:05,220904,Extract Data for PO Band EMEA,EBIETLPSLS,,
EBIETLPSLS_SRA_PW_PO_BAND_EMC_TD1_MD,5wmqo,EBIETLPSLS,Ended OK,                   0,                   0,                   0,2022-08-31 13:38:04,2022-08-31 13:39:10,220831,Extract Data for PO Band EMC2,EBIETLPSLS,,
EBIETLPSLS_SRA_PW_PO_BAND_EMEA_TD1,03j9f,EBIETLPSLS,Wait Condition,                   0,                   0,                   0,,,220907,Extract Data for PO Band EMEA,EBIETLPSLS,2022-09-07 19:50:50,2022-09-07 19:55:20
EBIETLPSLS_SRA_PW_PO_BAND_EMC_TD1_MD,5xdbd,EBIETLPSLS,Ended OK,                   0,                   0,                   0,2022-09-01 13:40:03,2022-09-01 13:42:10,220901,Extract Data for PO Band EMC2,EBIETLPSLS,,
EBIETLPSLS_SRA_PW_PO_BAND_EMC_TD1_MD,5y5az,EBIETLPSLS,Ended OK,                   0,                   0,                   0,2022-09-02 13:57:34,2022-09-02 13:58:40,220902,Extract Data for PO Band EMC2,EBIETLPSLS,,
EBIETLPSLS_SRA_PW_PO_BAND_EMC_TD1_MD,0215z,EBIETLPSLS,Ended OK,                   0,                   0,                   0,2022-09-05 13:43:28,2022-09-05 13:44:32,220905,Extract Data for PO Band EMC2,EBIETLPSLS,,
EBIETLPSLS_SRA_PW_PO_BAND_EMC_TD1_MD,00jlz,EBIETLPSLS,Ended OK,                   0,                   0,                   0,2022-09-03 13:56:49,2022-09-03 13:58:57,220903,Extract Data for PO Band EMC2,EBIETLPSLS,,
EBIETLPSLS_SRA_PW_PO_BAND_EMEA_TD1,02syk,EBIETLPSLS,Ended OK,                   0,                   0,                   0,2022-09-06 19:53:34,2022-09-06 19:56:41,220906,Extract Data for PO Band EMEA,EBIETLPSLS,,
EBI_ETL_DLT_FDM_CUBE_AGGR_DLY_ORD_AMER,00p4g,EBI_ETL_DLT,Ended OK,                   0,                   0,                   0,2022-09-04 07:42:31,2022-09-04 09:07:35,220904,,GRC Reporting Tool,,
EBIETLPSLS_SRA_PW_PO_BAND_EMEA_TD1,5wmqq,EBIETLPSLS,Ended OK,                   0,                   0,                   0,2022-08-31 19:32:30,2022-08-31 19:35:40,220831,Extract Data for PO Band EMEA,EBIETLPSLS,,
EBI_ETL_DLT_FDM_SO_HDR_DELL_EMEA,02z66,EBI_ETL_DLT,Wait Condition,                   0,                   0,                   0,,,220907,,GRC Reporting Tool,2022-09-07 20:41:20,2022-09-07 20:55:50
EBIETLPSLS_SRA_PW_PO_BAND_EMEA_TD1,5xdbf,EBIETLPSLS,Ended OK,                   0,                   0,                   0,2022-09-01 20:02:51,2022-09-01 20:08:04,220901,Extract Data for PO Band EMEA,EBIETLPSLS,,
EBIETLPSLS_SRA_PW_PO_BAND_EMEA_TD1,5y5b1,EBIETLPSLS,Ended OK,                   0,                   0,                   0,2022-09-02 21:50:56,2022-09-02 21:54:03,220902,Extract Data for PO Band EMEA,EBIETLPSLS,,
EBIETLPSLS_SRA_PW_PO_BAND_EMEA_TD1,02161,EBIETLPSLS,Ended OK,                   0,                   0,                   0,2022-09-05 19:41:38,2022-09-05 19:44:50,220905,Extract Data for PO Band EMEA,EBIETLPSLS,,
EBIETLPSLS_SRA_PW_PO_BAND_EMEA_TD1,00jm1,EBIETLPSLS,Ended OK,                   0,                   0,                   0,2022-09-03 20:07:39,2022-09-03 20:13:53,220903,Extract Data for PO Band EMEA,EBIETLPSLS,,
EBI_ETL_DLT_FDM_CUBE_AGGR_DLY_ORD_AMER,026o4,EBI_ETL_DLT,Ended OK,                   0,                   0,                   0,2022-09-06 05:55:37,2022-09-06 06:50:10,220906,,GRC Reporting Tool,,
EBI_ETL_DLT_FDM_CUBE_DLY_ORD_AMER,00p34,EBI_ETL_DLT,Ended OK,                   0,                   0,                   0,2022-09-04 09:07:35,2022-09-04 11:15:31,220904,,GRC Reporting Tool,,
EBI_ETL_DLT_FDM_CUBE_AGGR_DLY_ORD_AMER,5w0t8,EBI_ETL_DLT,Ended OK,                   0,                   0,                   0,2022-08-31 04:48:24,2022-08-31 05:36:59,220831,,GRC Reporting Tool,,
EBI_ETL_DLT_FDM_CUBE_AGGR_DLY_ORD_AMER,02z86,EBI_ETL_DLT,Wait Condition,                   0,                   0,                   0,,,220907,,GRC Reporting Tool,2022-09-07 05:05:50,2022-09-07 06:02:50
EBI_ETL_DLT_FDM_GRC_EXTRC_DELL_EMEA,5ws8m,EBI_ETL_DLT,Ended OK,                   0,                   0,                   0,2022-09-01 21:54:21,2022-09-01 22:15:48,220901,,GRC Reporting Tool,,
EBI_ETL_DLT_FDM_CUBE_AGGR_DLY_ORD_AMER,5xivs,EBI_ETL_DLT,Ended OK,                   0,                   0,                   0,2022-09-02 06:22:44,2022-09-02 07:11:48,220902,,GRC Reporting Tool,,
EBI_ETL_DLT_FDM_GRC_EXTRC_DELL_EMEA,01fdy,EBI_ETL_DLT,Ended OK,                   0,                   0,                   0,2022-09-05 21:31:36,2022-09-05 21:49:40,220905,,GRC Reporting Tool,,
EBI_ETL_DLT_FDM_CUBE_AGGR_DLY_ORD_AMER,5yara,EBI_ETL_DLT,Ended OK,                   0,                   0,                   0,2022-09-03 06:37:25,2022-09-03 06:37:25,220903,,GRC Reporting Tool,,
EBI_ETL_DLT_FDM_CUBE_AGGR_DLY_ORD_APJ,026o5,EBI_ETL_DLT,Ended OK,                   0,                   0,                   0,2022-09-06 14:29:35,2022-09-06 15:17:04,220906,,GRC Reporting Tool,,
EBI_ETL_DLT_FDM_CUBE_DLY_QTE_INC_AMER,00p47,EBI_ETL_DLT,Ended OK,                   0,                   0,                   0,2022-09-04 06:44:53,2022-09-04 07:06:00,220904,,GRC Reporting Tool,,
EBI_ETL_DLT_FDM_CUBE_AGGR_DLY_ORD_APJ,5w0t9,EBI_ETL_DLT,Ended OK,                   0,                   0,                   0,2022-08-31 14:04:31,2022-08-31 14:53:22,220831,,GRC Reporting Tool,,
EBI_ETL_DLT_FDM_CUBE_AGGR_DLY_ORD_APJ,02z87,EBI_ETL_DLT,Wait Condition,                   0,                   0,                   0,,,220907,,GRC Reporting Tool,2022-09-07 13:33:30,2022-09-07 14:22:10
EBI_ETL_DLT_FDM_CUBE_AGGR_DLY_ORD_AMER,5wsak,EBI_ETL_DLT,Ended OK,                   0,                   0,                   0,2022-09-01 07:30:46,2022-09-01 08:25:17,220901,,GRC Reporting Tool,,
EBI_ETL_DLT_FDM_CUBE_AGGR_DLY_ORD_EMEA,5xivt,EBI_ETL_DLT,Ended OK,                   0,                   0,                   0,,,220902,,GRC Reporting Tool,2022-09-02 23:56:00,2022-09-03 00:41:20
EBI_ETL_DLT_FDM_CUBE_AGGR_DLY_ORD_APJ,01ffb,EBI_ETL_DLT,Ended OK,                   0,                   0,                   0,2022-09-05 14:27:22,2022-09-05 15:18:46,220905,,GRC Reporting Tool,,
EBI_ETL_DLT_FDM_CUBE_AGGR_DLY_ORD_EMEA,5yarb,EBI_ETL_DLT,Ended OK,                   0,                   0,                   0,2022-09-03 21:55:56,2022-09-03 22:40:54,220903,,GRC Reporting Tool,,
EBI_ETL_DLT_FDM_CUBE_AGGR_DLY_ORD_EMEA,026o6,EBI_ETL_DLT,Ended OK,                   0,                   0,                   0,2022-09-06 22:26:21,2022-09-06 23:12:32,220906,,GRC Reporting Tool,,
EBI_ETL_DLT_FDM_GRC_EXTRC_DELL_AMER,00p33,EBI_ETL_DLT,Ended OK,                   0,                   0,                   0,2022-09-04 08:26:55,2022-09-04 08:40:25,220904,,GRC Reporting Tool,,
EBI_ETL_DLT_FDM_CUBE_AGGR_DLY_ORD_EMEA,5w0ta,EBI_ETL_DLT,Ended OK,                   0,                   0,                   0,2022-08-31 20:46:35,2022-08-31 21:30:29,220831,,GRC Reporting Tool,,
EBI_ETL_DLT_FDM_CUBE_AGGR_DLY_ORD_EMEA,02z88,EBI_ETL_DLT,Wait Condition,                   0,                   0,                   0,,,220907,,GRC Reporting Tool,2022-09-07 20:55:50,2022-09-07 21:40:50
EBI_ETL_DLT_FDM_CUBE_AGGR_DLY_ORD_APJ,5wsal,EBI_ETL_DLT,Ended OK,                   0,                   0,                   0,2022-09-01 15:07:20,2022-09-01 15:52:24,220901,,GRC Reporting Tool,,
EBI_ETL_DLT_FDM_CUBE_DLY_DIM_AFFI,5xivu,EBI_ETL_DLT,Ended OK,                   0,                   0,                   0,,,220902,Dimension refresh on Daily cube,GRC Reporting Tool,2022-09-03 00:41:20,2022-09-03 01:19:10
EBI_ETL_DLT_FDM_CUBE_AGGR_DLY_ORD_EMEA,01ffc,EBI_ETL_DLT,Ended OK,                   0,                   0,                   0,2022-09-05 21:29:40,2022-09-05 22:17:50,220905,,GRC Reporting Tool,,
EBI_ETL_DLT_FDM_CUBE_DLY_DIM,5yaor,EBI_ETL_DLT,Ended OK,                   0,                   0,                   0,2022-09-03 18:52:36,2022-09-03 19:33:02,220903,Dimension refresh on Daily cube,GRC Reporting Tool,,
EBI_ETL_DLT_FDM_CUBE_DLY_DIM,026lw,EBI_ETL_DLT,Ended OK,                   0,                   0,                   0,2022-09-06 17:42:46,2022-09-06 18:23:00,220906,Dimension refresh on Daily cube,GRC Reporting Tool,,
EBI_ETL_DLT_FDM_ORD_HASH_FULL_EMC_MN,00p2x,EBI_ETL_DLT,Ended OK,                   0,                   0,                   0,2022-09-04 06:29:58,2022-09-04 06:46:04,220904,EMC Order Hash Dell(Async),GRC Reporting Tool,,
EBI_ETL_DLT_FDM_CUBE_DLY_DIM,5w0qy,EBI_ETL_DLT,Ended OK,                   0,                   0,                   0,2022-08-31 17:30:01,2022-08-31 18:10:38,220831,Dimension refresh on Daily cube,GRC Reporting Tool,,
EBI_ETL_DLT_FDM_CUBE_DLY_DIM,02z5w,EBI_ETL_DLT,Wait Condition,                   0,                   0,                   0,,,220907,Dimension refresh on Daily cube,GRC Reporting Tool,2022-09-07 17:30:00,2022-09-07 18:09:30
EBI_ETL_DLT_FDM_CUBE_AGGR_DLY_ORD_EMEA,5wsam,EBI_ETL_DLT,Ended OK,                   0,                   0,                   0,2022-09-01 21:52:35,2022-09-01 22:38:27,220901,,GRC Reporting Tool,,
EBI_ETL_DLT_FDM_CUBE_DLY_ORD_AMER,5xitj,EBI_ETL_DLT,Ended OK,                   0,                   0,                   0,2022-09-02 07:11:48,2022-09-02 10:17:30,220902,,GRC Reporting Tool,,
EBI_ETL_DLT_FDM_CUBE_DLY_DIM,01fdn,EBI_ETL_DLT,Ended OK,                   0,                   0,                   0,2022-09-05 17:30:01,2022-09-05 18:10:25,220905,Dimension refresh on Daily cube,GRC Reporting Tool,,
EBI_ETL_DLT_FDM_CUBE_DLY_DIM_AFFI,5yarc,EBI_ETL_DLT,Ended OK,                   0,                   0,                   0,2022-09-03 19:33:02,2022-09-03 20:15:06,220903,Dimension refresh on Daily cube,GRC Reporting Tool,,
EBI_ETL_DLT_FDM_CUBE_DLY_DIM_AFFI,026o7,EBI_ETL_DLT,Ended OK,                   0,                   0,                   0,2022-09-06 20:13:36,2022-09-06 20:53:21,220906,Dimension refresh on Daily cube,GRC Reporting Tool,,
EBI_ETL_DLT_FDM_SOAF_DELL_AMER,00p31,EBI_ETL_DLT,Ended OK,                   0,                   0,                   0,2022-09-04 05:32:50,2022-09-04 05:43:20,220904,,GRC Reporting Tool,,
EBI_ETL_DLT_FDM_CUBE_DLY_DIM_AFFI,5w0tb,EBI_ETL_DLT,Ended OK,                   0,                   0,                   0,2022-08-31 20:00:45,2022-08-31 20:37:49,220831,Dimension refresh on Daily cube,GRC Reporting Tool,,
EBI_ETL_DLT_FDM_CUBE_DLY_DIM_AFFI,02z89,EBI_ETL_DLT,Wait Condition,                   0,                   0,                   0,,,220907,Dimension refresh on Daily cube,GRC Reporting Tool,2022-09-07 18:09:30,2022-09-07 18:47:40
EBI_ETL_DLT_FDM_CUBE_DLY_DIM,5ws8b,EBI_ETL_DLT,Ended OK,                   0,                   0,                   0,2022-09-01 20:03:33,2022-09-01 20:30:26,220901,Dimension refresh on Daily cube,GRC Reporting Tool,,
EBI_ETL_DLT_FDM_CUBE_DLY_ORD_EMEA,5xitv,EBI_ETL_DLT,Ended OK,                   0,                   0,                   0,,,220902,,GRC Reporting Tool,2022-09-03 01:19:10,2022-09-03 03:50:50
EBI_ETL_DLT_FDM_CUBE_DLY_DIM_AFFI,01ffd,EBI_ETL_DLT,Ended OK,                   0,                   0,                   0,2022-09-05 20:01:31,2022-09-05 20:43:12,220905,Dimension refresh on Daily cube,GRC Reporting Tool,,
EBI_ETL_DLT_FDM_CUBE_DLY_ORD_AMER,5yaoq,EBI_ETL_DLT,Ended OK,                   0,                   0,                   0,2022-09-03 06:37:25,2022-09-03 08:29:51,220903,,GRC Reporting Tool,,
EBI_ETL_DLT_FDM_CUBE_DLY_ORD_AMER,026lv,EBI_ETL_DLT,Ended OK,                   0,                   0,                   0,2022-09-06 06:50:11,2022-09-06 08:42:14,220906,,GRC Reporting Tool,,
EBI_ETL_DLT_FDM_SOAF_EMC_MN,00p2v,EBI_ETL_DLT,Ended OK,                   0,                   0,                   0,2022-09-04 06:23:57,2022-09-04 06:28:21,220904,SOAF Load,GRC Reporting Tool,,
EBI_ETL_DLT_FDM_CUBE_DLY_ORD_AMER,5w0qx,EBI_ETL_DLT,Ended OK,                   0,                   0,                   0,2022-08-31 05:53:47,2022-08-31 07:42:04,220831,,GRC Reporting Tool,,
EBI_ETL_DLT_FDM_CUBE_DLY_ORD_AMER,02z5v,EBI_ETL_DLT,Wait Condition,                   0,                   0,                   0,,,220907,,GRC Reporting Tool,2022-09-07 06:02:50,2022-09-07 08:08:50
EBI_ETL_DLT_FDM_CUBE_DLY_DIM_AFFI,5wsan,EBI_ETL_DLT,Ended OK,                   0,                   0,                   0,2022-09-01 20:30:26,2022-09-01 21:09:36,220901,Dimension refresh on Daily cube,GRC Reporting Tool,,
EBI_ETL_DLT_FDM_CUBE_DLY_QTE_INC_AMER,5xivi,EBI_ETL_DLT,Ended OK,                   0,                   0,                   0,2022-09-02 04:03:56,2022-09-02 04:29:48,220902,,GRC Reporting Tool,,
EBI_ETL_DLT_FDM_CUBE_DLY_ORD_APJ,01fdm,EBI_ETL_DLT,Ended OK,                   0,                   0,                   0,2022-09-05 15:18:47,2022-09-05 17:25:17,220905,,GRC Reporting Tool,,
EBI_ETL_DLT_FDM_CUBE_DLY_ORD_EMEA,5yap3,EBI_ETL_DLT,Ended OK,                   0,                   0,                   0,2022-09-03 23:02:03,,220903,,GRC Reporting Tool,2022-09-03 23:02:03,2022-09-04 01:33:10
EBI_ETL_DLT_FDM_CUBE_DLY_ORD_APJ,026lo,EBI_ETL_DLT,Ended OK,                   0,                   0,                   0,2022-09-06 15:17:04,2022-09-06 17:42:45,220906,,GRC Reporting Tool,,
EBI_ETL_DLT_FDM_SO_HDR_EMC_MN,00p2y,EBI_ETL_DLT,Ended OK,                   0,                   0,                   0,2022-09-04 06:44:53,2022-09-04 07:16:55,220904,SO HEADER,GRC Reporting Tool,,
EBI_ETL_DLT_FDM_CUBE_DLY_ORD_APJ,5w0qq,EBI_ETL_DLT,Ended OK,                   0,                   0,                   0,2022-08-31 14:53:23,2022-08-31 17:05:16,220831,,GRC Reporting Tool,,
EBI_ETL_DLT_FDM_CUBE_DLY_ORD_APJ,02z5o,EBI_ETL_DLT,Wait Condition,                   0,                   0,                   0,,,220907,,GRC Reporting Tool,2022-09-07 14:22:10,2022-09-07 17:00:00
EBI_ETL_DLT_FDM_CUBE_DLY_ORD_AMER,5ws8a,EBI_ETL_DLT,Ended OK,                   0,                   0,                   0,2022-09-01 08:47:06,2022-09-01 10:47:14,220901,,GRC Reporting Tool,,
EBI_ETL_DLT_FDM_GRC_EXTRC_DELL_AMER,5xiti,EBI_ETL_DLT,Ended OK,                   0,                   0,                   0,2022-09-02 06:24:31,2022-09-02 07:05:57,220902,,GRC Reporting Tool,,
EBI_ETL_DLT_FDM_CUBE_DLY_ORD_EMEA,01fdz,EBI_ETL_DLT,Ended OK,                   0,                   0,                   0,2022-09-05 22:17:50,,220905,,GRC Reporting Tool,2022-09-05 22:17:50,2022-09-06 00:49:00
EBI_ETL_DLT_FDM_CUBE_DLY_QTE_INC_AMER,5yaqx,EBI_ETL_DLT,Ended OK,                   0,                   0,                   0,2022-09-03 05:13:41,2022-09-03 05:41:22,220903,,GRC Reporting Tool,,
EBI_ETL_DLT_FDM_CUBE_DLY_ORD_EMEA,026m8,EBI_ETL_DLT,Ended OK,                   0,                   0,                   0,2022-09-06 23:12:32,,220906,,GRC Reporting Tool,2022-09-06 23:12:32,2022-09-07 01:43:40
SEBIETLPPARTY_SRT_REGN_BI_BUY_POWER,01cx4,EBIETLPPARTY,Ended OK,                   0,                   0,                   0,2022-09-04 01:00:06,2022-09-04 01:04:30,220904,loads the regional BI Buy Power values,EBIETLPPARTY,,
EBI_ETL_DLT_FDM_CUBE_DLY_ORD_EMEA,5w0ra,EBI_ETL_DLT,Executing,                   0,                   0,                   0,2022-08-31 21:30:29,,220831,,GRC Reporting Tool,2022-08-31 21:30:29,2022-09-01 00:05:50
EBI_ETL_DLT_FDM_CUBE_DLY_ORD_EMEA,02z68,EBI_ETL_DLT,Wait Condition,                   0,                   0,                   0,,,220907,,GRC Reporting Tool,2022-09-07 21:40:50,2022-09-08 00:09:30
EBI_ETL_DLT_FDM_CUBE_DLY_ORD_APJ,5ws83,EBI_ETL_DLT,Ended OK,                   0,                   0,                   0,2022-09-01 15:52:25,2022-09-01 18:13:16,220901,,GRC Reporting Tool,,
EBI_ETL_DLT_FDM_GRC_EXTRC_DELL_APJ,5xitc,EBI_ETL_DLT,Ended OK,                   0,                   0,                   0,2022-09-02 15:34:43,2022-09-02 15:59:44,220902,,GRC Reporting Tool,,
EBI_ETL_DLT_FDM_GRC_EXTRC_DELL_APJ,01fdl,EBI_ETL_DLT,Ended OK,                   0,                   0,                   0,2022-09-05 14:30:27,2022-09-05 14:51:34,220905,,GRC Reporting Tool,,
EBI_ETL_DLT_FDM_GRC_EXTRC_DELL_AMER,5yaop,EBI_ETL_DLT,Ended OK,                   0,                   0,                   0,2022-09-03 05:58:50,2022-09-03 06:15:23,220903,,GRC Reporting Tool,,
EBI_ETL_DLT_FDM_CUBE_DLY_QTE_INC_AMER,026nu,EBI_ETL_DLT,Ended OK,                   0,                   0,                   0,2022-09-06 04:33:33,2022-09-06 05:00:38,220906,,GRC Reporting Tool,,
EBI_ETL_DLT_FDM_CUBE_DLY_QTE_INC_AMER,5w0sy,EBI_ETL_DLT,Ended OK,                   0,                   0,                   0,2022-08-31 03:56:51,2022-08-31 04:21:00,220831,,GRC Reporting Tool,,
EBI_ETL_DLT_FDM_CUBE_DLY_QTE_INC_AMER,02z7w,EBI_ETL_DLT,Wait Condition,                   0,                   0,                   0,,,220907,,GRC Reporting Tool,2022-09-07 04:25:40,2022-09-07 04:50:10
EBI_ETL_DLT_FDM_CUBE_DLY_ORD_EMEA,5ws8n,EBI_ETL_DLT,Ended OK,                   0,                   0,                   0,2022-09-01 22:38:28,,220901,,GRC Reporting Tool,2022-09-01 22:38:28,2022-09-02 01:10:10
EBI_ETL_DLT_FDM_GRC_EXTRC_DELL_EMEA,5xitu,EBI_ETL_DLT,Ended OK,                   0,                   0,                   0,2022-09-02 22:56:43,2022-09-02 23:15:20,220902,,GRC Reporting Tool,,
EBI_ETL_DLT_FDM_ORD_HASH_FULL_DELL_APJ,01fdj,EBI_ETL_DLT,Ended OK,                   0,                   0,                   0,2022-09-05 13:20:26,2022-09-05 13:37:07,220905,Full refresh During APJ window,GRC Reporting Tool,,
EBI_ETL_DLT_FDM_GRC_EXTRC_DELL_EMEA,5yap2,EBI_ETL_DLT,Ended OK,                   0,                   0,                   0,2022-09-03 21:56:32,2022-09-03 22:12:04,220903,,GRC Reporting Tool,,
EBI_ETL_DLT_FDM_GRC_EXTRC_DELL_AMER,026lu,EBI_ETL_DLT,Ended OK,                   0,                   0,                   0,2022-09-06 05:57:26,2022-09-06 06:33:32,220906,,GRC Reporting Tool,,
EBI_ETL_DLT_FDM_GRC_EXTRC_DELL_AMER,5w0qw,EBI_ETL_DLT,Ended OK,                   0,                   0,                   0,2022-08-31 04:50:38,2022-08-31 05:08:28,220831,,GRC Reporting Tool,,
EBI_ETL_DLT_FDM_GRC_EXTRC_DELL_AMER,02z5u,EBI_ETL_DLT,Wait Condition,                   0,                   0,                   0,,,220907,,GRC Reporting Tool,2022-09-07 05:08:10,2022-09-07 05:31:00
EBI_ETL_DLT_FDM_CUBE_DLY_QTE_INC_AMER,5wsaa,EBI_ETL_DLT,Ended OK,                   0,                   0,                   0,2022-09-01 08:46:48,2022-09-01 08:46:48,220901,,GRC Reporting Tool,,
EBI_ETL_DLT_FDM_ORD_HASH_FULL_DELL_APJ,5xita,EBI_ETL_DLT,Ended OK,                   0,                   0,                   0,2022-09-02 14:26:20,2022-09-02 14:42:21,220902,Full refresh During APJ window,GRC Reporting Tool,,
EBI_ETL_DLT_FDM_ORD_HASH_FULL_EMC_MD,01fdw,EBI_ETL_DLT,Ended OK,                   0,                   0,                   0,2022-09-05 21:15:21,2022-09-05 21:20:53,220905,,GRC Reporting Tool,,
EBI_ETL_DLT_FDM_ORD_HASH_FULL_EMC_MD,5yap0,EBI_ETL_DLT,Ended OK,                   0,                   0,                   0,2022-09-03 21:29:15,2022-09-03 21:44:54,220903,,GRC Reporting Tool,,
EBI_ETL_DLT_FDM_GRC_EXTRC_DELL_APJ,026ln,EBI_ETL_DLT,Ended OK,                   0,                   0,                   0,2022-09-06 14:31:20,2022-09-06 14:57:33,220906,,GRC Reporting Tool,,
EBI_ETL_DLT_FDM_GRC_EXTRC_DELL_APJ,5w0qp,EBI_ETL_DLT,Ended OK,                   0,                   0,                   0,2022-08-31 14:06:50,2022-08-31 14:28:01,220831,,GRC Reporting Tool,,
EBI_ETL_DLT_FDM_GRC_EXTRC_DELL_APJ,02z5n,EBI_ETL_DLT,Wait Condition,                   0,                   0,                   0,,,220907,,GRC Reporting Tool,2022-09-07 13:36:00,2022-09-07 13:59:20
EBI_ETL_DLT_FDM_GRC_EXTRC_DELL_AMER,5ws89,EBI_ETL_DLT,Ended OK,                   0,                   0,                   0,2022-09-01 04:28:47,2022-09-01 04:49:00,220901,,GRC Reporting Tool,,
EBI_ETL_DLT_FDM_ORD_HASH_FULL_EMC_MD,5xits,EBI_ETL_DLT,Ended OK,                   0,                   0,                   0,2022-09-02 22:36:56,2022-09-02 22:44:16,220902,,GRC Reporting Tool,,
EBI_ETL_DLT_FDM_ORD_HASH_INC_DELL_EMEA,01fdv,EBI_ETL_DLT,Ended OK,                   0,                   0,                   0,2022-09-05 20:47:49,2022-09-05 21:01:13,220905,,GRC Reporting Tool,,
EBI_ETL_DLT_FDM_ORD_HASH_FULL_EMC_MN,5yaoh,EBI_ETL_DLT,Ended OK,                   0,                   0,                   0,2022-09-03 05:00:47,2022-09-03 05:09:09,220903,EMC Order Hash Dell(Async),GRC Reporting Tool,,
EBI_ETL_DLT_FDM_GRC_EXTRC_DELL_EMEA,026m7,EBI_ETL_DLT,Ended OK,                   0,                   0,                   0,2022-09-06 22:27:07,2022-09-06 22:43:45,220906,,GRC Reporting Tool,,
EBI_ETL_DLT_FDM_GRC_EXTRC_DELL_EMEA,5w0r9,EBI_ETL_DLT,Ended OK,                   0,                   0,                   0,2022-08-31 20:48:28,2022-08-31 21:01:34,220831,,GRC Reporting Tool,,
EBI_ETL_DLT_FDM_GRC_EXTRC_DELL_EMEA,02z67,EBI_ETL_DLT,Wait Condition,                   0,                   0,                   0,,,220907,,GRC Reporting Tool,2022-09-07 20:57:30,2022-09-07 21:14:20
EBI_ETL_DLT_FDM_GRC_EXTRC_DELL_APJ,5ws82,EBI_ETL_DLT,Ended OK,                   0,                   0,                   0,2022-09-01 15:09:32,2022-09-01 15:31:13,220901,,GRC Reporting Tool,,
EBI_ETL_DLT_FDM_ORD_HASH_FULL_EMC_MN,5xit4,EBI_ETL_DLT,Ended OK,                   0,                   0,                   0,2022-09-02 03:13:57,2022-09-02 03:25:54,220902,EMC Order Hash Dell(Async),GRC Reporting Tool,,
EBI_ETL_DLT_FDM_SOAF_DELL_APJ,01fdi,EBI_ETL_DLT,Ended OK,                   0,                   0,                   0,2022-09-05 12:44:29,2022-09-05 12:52:22,220905,,GRC Reporting Tool,,
EBI_ETL_DLT_FDM_ORD_HASH_INC_DELL_EMEA,5yaoz,EBI_ETL_DLT,Ended OK,                   0,                   0,                   0,2022-09-03 21:18:19,2022-09-03 21:29:15,220903,,GRC Reporting Tool,,
EBI_ETL_DLT_FDM_ORD_HASH_FULL_DELL_APJ,026ll,EBI_ETL_DLT,Ended OK,                   0,                   0,                   0,2022-09-06 13:17:44,2022-09-06 13:31:14,220906,Full refresh During APJ window,GRC Reporting Tool,,
EBI_ETL_DLT_FDM_ORD_HASH_FULL_DELL_APJ,5w0qn,EBI_ETL_DLT,Ended OK,                   0,                   0,                   0,2022-08-31 12:51:50,2022-08-31 13:11:54,220831,Full refresh During APJ window,GRC Reporting Tool,,
EBI_ETL_DLT_FDM_ORD_HASH_FULL_DELL_APJ,02z5l,EBI_ETL_DLT,Wait Condition,                   0,                   0,                   0,,,220907,Full refresh During APJ window,GRC Reporting Tool,2022-09-07 12:22:00,2022-09-07 12:38:40
EBI_ETL_DLT_FDM_ORD_HASH_FULL_DELL_APJ,5ws80,EBI_ETL_DLT,Ended OK,                   0,                   0,                   0,2022-09-01 13:52:16,2022-09-01 14:12:22,220901,Full refresh During APJ window,GRC Reporting Tool,,
EBI_ETL_DLT_FDM_ORD_HASH_INC_DELL_EMEA,5xitr,EBI_ETL_DLT,Ended OK,                   0,                   0,                   0,2022-09-02 22:23:24,2022-09-02 22:36:56,220902,,GRC Reporting Tool,,
EBI_ETL_DLT_FDM_SOAF_DELL_EMEA,01fdt,EBI_ETL_DLT,Ended OK,                   0,                   0,                   0,2022-09-05 20:31:08,2022-09-05 20:42:55,220905,,GRC Reporting Tool,,
EBI_ETL_DLT_FDM_SOAF_DELL_AMER,5yaon,EBI_ETL_DLT,Ended OK,                   0,                   0,                   0,2022-09-03 04:57:46,2022-09-03 05:03:47,220903,,GRC Reporting Tool,,
EBI_ETL_DLT_FDM_ORD_HASH_FULL_EMC_MD,026m5,EBI_ETL_DLT,Ended OK,                   0,                   0,                   0,2022-09-06 22:09:03,2022-09-06 22:15:19,220906,,GRC Reporting Tool,,
EBI_ETL_DLT_FDM_ORD_HASH_FULL_EMC_MD,5w0r7,EBI_ETL_DLT,Ended OK,                   0,                   0,                   0,2022-08-31 20:27:53,2022-08-31 20:32:46,220831,,GRC Reporting Tool,,
EBI_ETL_DLT_FDM_ORD_HASH_FULL_EMC_MD,02z65,EBI_ETL_DLT,Wait Condition,                   0,                   0,                   0,,,220907,,GRC Reporting Tool,2022-09-07 20:35:00,2022-09-07 20:41:20
EBI_ETL_DLT_FDM_ORD_HASH_FULL_EMC_MD,5ws8k,EBI_ETL_DLT,Ended OK,                   0,                   0,                   0,2022-09-01 21:10:55,2022-09-01 21:15:58,220901,,GRC Reporting Tool,,
EBI_ETL_DLT_FDM_SOAF_DELL_AMER,5xitf,EBI_ETL_DLT,Ended OK,                   0,                   0,                   0,2022-09-02 05:45:38,2022-09-02 05:49:08,220902,,GRC Reporting Tool,,
EBI_ETL_DLT_FDM_SOIF_DELL_APJ,01fdh,EBI_ETL_DLT,Ended OK,                   0,                   0,                   0,2022-09-05 12:05:39,2022-09-05 12:44:29,220905,,GRC Reporting Tool,,
EBI_ETL_DLT_FDM_SOAF_DELL_EMEA,5yaox,EBI_ETL_DLT,Ended OK,                   0,                   0,                   0,2022-09-03 21:08:51,2022-09-03 21:14:55,220903,,GRC Reporting Tool,,
EBI_ETL_DLT_FDM_ORD_HASH_FULL_EMC_MN,026lf,EBI_ETL_DLT,Ended OK,                   0,                   0,                   0,2022-09-06 03:10:20,2022-09-06 03:25:42,220906,EMC Order Hash Dell(Async),GRC Reporting Tool,,
EBI_ETL_DLT_FDM_ORD_HASH_FULL_EMC_MN,5w0qh,EBI_ETL_DLT,Ended OK,                   0,                   0,                   0,2022-08-31 02:43:56,2022-08-31 02:51:07,220831,EMC Order Hash Dell(Async),GRC Reporting Tool,,
EBI_ETL_DLT_FDM_ORD_HASH_FULL_EMC_MN,02z5f,EBI_ETL_DLT,Wait Condition,                   0,                   0,                   0,,,220907,EMC Order Hash Dell(Async),GRC Reporting Tool,2022-09-07 03:29:30,2022-09-07 03:40:50
EBI_ETL_DLT_FDM_ORD_HASH_FULL_EMC_MN,5ws7u,EBI_ETL_DLT,Ended OK,                   0,                   0,                   0,2022-09-01 10:52:02,2022-09-01 11:05:19,220901,EMC Order Hash Dell(Async),GRC Reporting Tool,,
EBI_ETL_DLT_FDM_SOAF_DELL_APJ,5xit9,EBI_ETL_DLT,Ended OK,                   0,                   0,                   0,2022-09-02 14:18:49,2022-09-02 14:25:07,220902,,GRC Reporting Tool,,
EBI_ETL_DLT_FDM_SOIF_DELL_EMEA,01fds,EBI_ETL_DLT,Ended OK,                   0,                   0,                   0,2022-09-05 19:58:02,2022-09-05 20:31:07,220905,,GRC Reporting Tool,,
EBI_ETL_DLT_FDM_SOAF_EMC_MN,5yaof,EBI_ETL_DLT,Ended OK,                   0,                   0,                   0,2022-09-03 04:49:17,2022-09-03 04:57:46,220903,SOAF Load,GRC Reporting Tool,,
EBI_ETL_DLT_FDM_ORD_HASH_INC_DELL_EMEA,026m4,EBI_ETL_DLT,Ended OK,                   0,                   0,                   0,2022-09-06 21:51:56,2022-09-06 22:09:01,220906,,GRC Reporting Tool,,
EBI_ETL_DLT_FDM_ORD_HASH_INC_DELL_EMEA,5w0r6,EBI_ETL_DLT,Ended OK,                   0,                   0,                   0,2022-08-31 20:15:46,2022-08-31 20:27:53,220831,,GRC Reporting Tool,,
EBI_ETL_DLT_FDM_ORD_HASH_INC_DELL_EMEA,02z64,EBI_ETL_DLT,Wait Condition,                   0,                   0,                   0,,,220907,,GRC Reporting Tool,2022-09-07 20:20:20,2022-09-07 20:35:00
EBI_ETL_DLT_FDM_ORD_HASH_INC_DELL_EMEA,5ws8j,EBI_ETL_DLT,Ended OK,                   0,                   0,                   0,2022-09-01 20:54:09,2022-09-01 21:10:55,220901,,GRC Reporting Tool,,
EBI_ETL_DLT_FDM_SOAF_DELL_EMEA,5xitp,EBI_ETL_DLT,Ended OK,                   0,                   0,                   0,2022-09-02 22:16:05,2022-09-02 22:21:18,220902,,GRC Reporting Tool,,
EBI_ETL_DLT_FDM_SOIF_EMC_MD,01fdr,EBI_ETL_DLT,Ended OK,                   0,                   0,                   0,2022-09-05 19:06:42,2022-09-05 19:13:29,220905,,GRC Reporting Tool,,
EBI_ETL_DLT_FDM_SOIF_DELL_AMER,5yaom,EBI_ETL_DLT,Ended OK,                   0,                   0,                   0,2022-09-03 04:16:56,2022-09-03 04:49:39,220903,,GRC Reporting Tool,,
EBI_ETL_DLT_FDM_SOAF_DELL_AMER,026lr,EBI_ETL_DLT,Ended OK,                   0,                   0,                   0,2022-09-06 05:09:45,2022-09-06 05:24:20,220906,,GRC Reporting Tool,,
EBI_ETL_DLT_FDM_SOAF_DELL_AMER,5w0qt,EBI_ETL_DLT,Ended OK,                   0,                   0,                   0,2022-08-31 04:22:57,2022-08-31 04:27:55,220831,,GRC Reporting Tool,,
EBI_ETL_DLT_FDM_SOAF_DELL_AMER,02z5r,EBI_ETL_DLT,Wait Condition,                   0,                   0,                   0,,,220907,,GRC Reporting Tool,2022-09-07 04:25:20,2022-09-07 04:33:10
EBI_ETL_DLT_FDM_SOAF_DELL_AMER,5ws86,EBI_ETL_DLT,Ended OK,                   0,                   0,                   0,2022-09-01 03:58:14,2022-09-01 04:07:52,220901,,GRC Reporting Tool,,
EBI_ETL_DLT_FDM_SOAF_EMC_MN,5xit2,EBI_ETL_DLT,Ended OK,                   0,                   0,                   0,2022-09-02 03:02:47,2022-09-02 03:12:04,220902,SOAF Load,GRC Reporting Tool,,
EBI_ETL_DLT_FDM_SO_HDR_DELL_APJ,01fdk,EBI_ETL_DLT,Ended OK,                   0,                   0,                   0,2022-09-05 14:13:40,2022-09-05 14:27:21,220905,,GRC Reporting Tool,,
EBI_ETL_DLT_FDM_SOIF_DELL_EMEA,5yaow,EBI_ETL_DLT,Ended OK,                   0,                   0,                   0,2022-09-03 20:10:10,2022-09-03 20:51:42,220903,,GRC Reporting Tool,,
EBI_ETL_DLT_FDM_SOAF_DELL_APJ,026lk,EBI_ETL_DLT,Ended OK,                   0,                   0,                   0,2022-09-06 12:58:36,2022-09-06 13:12:54,220906,,GRC Reporting Tool,,
EBI_ETL_DLT_FDM_SOAF_DELL_APJ,5w0qm,EBI_ETL_DLT,Ended OK,                   0,                   0,                   0,2022-08-31 12:41:04,2022-08-31 12:49:32,220831,,GRC Reporting Tool,,
EBI_ETL_DLT_FDM_SOAF_DELL_APJ,02z5k,EBI_ETL_DLT,Wait Condition,                   0,                   0,                   0,,,220907,,GRC Reporting Tool,2022-09-07 12:13:10,2022-09-07 12:19:50
EBI_ETL_DLT_FDM_SOAF_DELL_APJ,5ws7z,EBI_ETL_DLT,Ended OK,                   0,                   0,                   0,2022-09-01 13:01:05,2022-09-01 13:13:08,220901,,GRC Reporting Tool,,
EBI_ETL_DLT_FDM_SOIF_DELL_AMER,5xite,EBI_ETL_DLT,Ended OK,                   0,                   0,                   0,2022-09-02 04:10:30,2022-09-02 05:28:06,220902,,GRC Reporting Tool,,
EBI_ETL_DLT_FDM_SO_HDR_DELL_EMEA,01fdx,EBI_ETL_DLT,Ended OK,                   0,                   0,                   0,2022-09-05 21:20:53,2022-09-05 21:29:40,220905,,GRC Reporting Tool,,
EBI_ETL_DLT_FDM_SOIF_EMC_MD,5yaov,EBI_ETL_DLT,Ended OK,                   0,                   0,                   0,2022-09-03 20:57:36,2022-09-03 21:08:50,220903,,GRC Reporting Tool,,
EBI_ETL_DLT_FDM_SOAF_DELL_EMEA,026m2,EBI_ETL_DLT,Ended OK,                   0,                   0,                   0,2022-09-06 21:41:25,2022-09-06 21:49:03,220906,,GRC Reporting Tool,,
EBI_ETL_DLT_FDM_SOAF_DELL_EMEA,5w0r4,EBI_ETL_DLT,Ended OK,                   0,                   0,                   0,2022-08-31 20:08:53,2022-08-31 20:13:33,220831,,GRC Reporting Tool,,
EBI_ETL_DLT_FDM_SOAF_DELL_EMEA,02z62,EBI_ETL_DLT,Wait Condition,                   0,                   0,                   0,,,220907,,GRC Reporting Tool,2022-09-07 20:12:10,2022-09-07 20:17:40
EBI_ETL_DLT_FDM_SOAF_DELL_EMEA,5ws8h,EBI_ETL_DLT,Ended OK,                   0,                   0,                   0,2022-09-01 20:46:28,2022-09-01 20:52:08,220901,,GRC Reporting Tool,,
EBI_ETL_DLT_FDM_SOIF_DELL_APJ,5xit8,EBI_ETL_DLT,Ended OK,                   0,                   0,                   0,2022-09-02 13:43:44,2022-09-02 14:18:49,220902,,GRC Reporting Tool,,
EBI_ETL_DLT_FDM_SPLT_ACCT_DELL_DLY_APJ,01fdg,EBI_ETL_DLT,Ended OK,                   0,                   0,                   0,2022-09-05 11:56:03,2022-09-05 11:58:30,220905,Daily Split account,GRC Reporting Tool,,
EBI_ETL_DLT_FDM_SOIF_EMC_MN,5yaoe,EBI_ETL_DLT,Ended OK,                   0,                   0,                   0,2022-09-03 04:36:25,2022-09-03 04:49:16,220903,SOIF Load,GRC Reporting Tool,,
EBI_ETL_DLT_FDM_SOAF_EMC_MN,026ld,EBI_ETL_DLT,Ended OK,                   0,                   0,                   0,2022-09-06 02:58:15,2022-09-06 03:07:03,220906,SOAF Load,GRC Reporting Tool,,
EBI_ETL_DLT_FDM_SOAF_EMC_MN,5w0qf,EBI_ETL_DLT,Ended OK,                   0,                   0,                   0,2022-08-31 02:31:44,2022-08-31 02:39:50,220831,SOAF Load,GRC Reporting Tool,,
EBI_ETL_DLT_FDM_SOAF_EMC_MN,02z5d,EBI_ETL_DLT,Wait Condition,                   0,                   0,                   0,,,220907,SOAF Load,GRC Reporting Tool,2022-09-07 03:19:20,2022-09-07 03:26:20
EBI_ETL_DLT_FDM_SOAF_EMC_MN,5ws7s,EBI_ETL_DLT,Ended OK,                   0,                   0,                   0,2022-09-01 10:35:22,2022-09-01 10:48:44,220901,SOAF Load,GRC Reporting Tool,,
EBI_ETL_DLT_FDM_SOIF_DELL_EMEA,5xito,EBI_ETL_DLT,Ended OK,                   0,                   0,                   0,2022-09-02 21:47:41,2022-09-02 22:16:05,220902,,GRC Reporting Tool,,
EBI_ETL_DLT_FDM_SPLT_CRDT_DELL_EMEA,01fdq,EBI_ETL_DLT,Ended OK,                   0,                   0,                   0,2022-09-05 19:53:33,2022-09-05 19:53:40,220905,,GRC Reporting Tool,,
EBI_ETL_DLT_FDM_SO_HDR_DELL_EMEA,5yap1,EBI_ETL_DLT,Ended OK,                   0,                   0,                   0,2022-09-03 21:44:55,2022-09-03 21:55:55,220903,,GRC Reporting Tool,,
EBI_ETL_DLT_FDM_SOIF_DELL_AMER,026lq,EBI_ETL_DLT,Ended OK,                   0,                   0,                   0,2022-09-06 03:45:47,2022-09-06 05:09:44,220906,,GRC Reporting Tool,,
EBI_ETL_DLT_FDM_SOIF_DELL_AMER,5w0qs,EBI_ETL_DLT,Ended OK,                   0,                   0,                   0,2022-08-31 03:34:41,2022-08-31 04:22:57,220831,,GRC Reporting Tool,,
EBI_ETL_DLT_FDM_SOIF_DELL_AMER,02z5q,EBI_ETL_DLT,Wait Condition,                   0,                   0,                   0,,,220907,,GRC Reporting Tool,2022-09-07 03:25:30,2022-09-07 04:25:20
EBI_ETL_DLT_FDM_SOIF_DELL_AMER,5ws85,EBI_ETL_DLT,Ended OK,                   0,                   0,                   0,2022-09-01 03:13:03,2022-09-01 03:58:14,220901,,GRC Reporting Tool,,
EBI_ETL_DLT_FDM_SOIF_EMC_MD,5xitn,EBI_ETL_DLT,Ended OK,                   0,                   0,                   0,2022-09-02 19:05:56,2022-09-02 19:12:42,220902,,GRC Reporting Tool,,
SEBIETLPPARTY_SRT_REGN_BI_BUY_POWER,0245b,EBIETLPPARTY,Ended OK,                   0,                   0,                   0,2022-09-05 01:00:09,2022-09-05 01:04:30,220905,loads the regional BI Buy Power values,EBIETLPPARTY,,
EBI_ETL_DLT_FDM_SO_HDR_EMC_MN,5yaoi,EBI_ETL_DLT,Ended OK,                   0,                   0,                   0,2022-09-03 05:08:04,2022-09-03 05:22:43,220903,SO HEADER,GRC Reporting Tool,,
EBI_ETL_DLT_FDM_SOIF_DELL_APJ,026lj,EBI_ETL_DLT,Ended OK,                   0,                   0,                   0,2022-09-06 12:24:16,2022-09-06 12:58:35,220906,,GRC Reporting Tool,,
EBI_ETL_DLT_FDM_SOIF_DELL_APJ,5w0ql,EBI_ETL_DLT,Ended OK,                   0,                   0,                   0,2022-08-31 12:02:45,2022-08-31 12:41:02,220831,,GRC Reporting Tool,,
EBI_ETL_DLT_FDM_SOIF_DELL_APJ,02z5j,EBI_ETL_DLT,Wait Condition,                   0,                   0,                   0,,,220907,,GRC Reporting Tool,2022-09-07 11:35:00,2022-09-07 12:13:10
EBI_ETL_DLT_FDM_SOIF_DELL_APJ,5ws7y,EBI_ETL_DLT,Ended OK,                   0,                   0,                   0,2022-09-01 12:27:06,2022-09-01 13:01:02,220901,,GRC Reporting Tool,,
EBI_ETL_DLT_FDM_SOIF_EMC_MN,5xit1,EBI_ETL_DLT,Ended OK,                   0,                   0,                   0,2022-09-02 02:42:47,2022-09-02 03:02:46,220902,SOIF Load,GRC Reporting Tool,,
EBI_ETL_DLT_FDM_SPLT_CRDT_DELL_EMEA,5yaou,EBI_ETL_DLT,Ended OK,                   0,                   0,                   0,2022-09-03 19:35:40,2022-09-03 19:38:05,220903,,GRC Reporting Tool,,
EBI_ETL_DLT_FDM_SOIF_DELL_EMEA,026m1,EBI_ETL_DLT,Ended OK,                   0,                   0,                   0,2022-09-06 21:01:10,2022-09-06 21:41:24,220906,,GRC Reporting Tool,,
EBI_ETL_DLT_FDM_SOIF_DELL_EMEA,5w0r3,EBI_ETL_DLT,Ended OK,                   0,                   0,                   0,2022-08-31 19:43:48,2022-08-31 20:08:53,220831,,GRC Reporting Tool,,
EBI_ETL_DLT_FDM_SOIF_DELL_EMEA,02z61,EBI_ETL_DLT,Wait Condition,                   0,                   0,                   0,,,220907,,GRC Reporting Tool,2022-09-07 19:39:00,2022-09-07 20:12:10
EBI_ETL_DLT_FDM_SOIF_DELL_EMEA,5ws8g,EBI_ETL_DLT,Ended OK,                   0,                   0,                   0,2022-09-01 20:12:09,2022-09-01 20:46:28,220901,,GRC Reporting Tool,,
EBI_ETL_DLT_FDM_SO_HDR_DELL_AMER,5xith,EBI_ETL_DLT,Ended OK,                   0,                   0,                   0,2022-09-02 05:51:26,2022-09-02 06:22:43,220902,,GRC Reporting Tool,,
SEBIETLPPARTY_SRT_REGN_BI_BUY_POWER,00nig,EBIETLPPARTY,Ended OK,                   0,                   0,                   0,2022-09-03 01:00:09,2022-09-03 01:02:30,220903,loads the regional BI Buy Power values,EBIETLPPARTY,,
EBI_ETL_DLT_FDM_SOIF_EMC_MD,026m0,EBI_ETL_DLT,Ended OK,                   0,                   0,                   0,2022-09-06 19:05:24,2022-09-06 19:15:52,220906,,GRC Reporting Tool,,
EBI_ETL_DLT_FDM_SOIF_EMC_MD,5w0r2,EBI_ETL_DLT,Ended OK,                   0,                   0,                   0,2022-08-31 19:03:54,2022-08-31 19:11:12,220831,,GRC Reporting Tool,,
EBI_ETL_DLT_FDM_SOIF_EMC_MD,02z60,EBI_ETL_DLT,Wait Condition,                   0,                   0,                   0,,,220907,,GRC Reporting Tool,2022-09-07 19:05:40,2022-09-07 19:13:50
EBI_ETL_DLT_FDM_SOIF_EMC_MD,5ws8f,EBI_ETL_DLT,Ended OK,                   0,                   0,                   0,2022-09-01 19:15:32,2022-09-01 19:22:46,220901,,GRC Reporting Tool,,
EBI_ETL_DLT_FDM_SO_HDR_DELL_APJ,5xitb,EBI_ETL_DLT,Ended OK,                   0,                   0,                   0,2022-09-02 15:17:23,2022-09-02 15:30:06,220902,,GRC Reporting Tool,,
EBI_ETL_DLT_FDM_SOIF_EMC_MN,026lc,EBI_ETL_DLT,Ended OK,                   0,                   0,                   0,2022-09-06 02:48:56,2022-09-06 02:58:15,220906,SOIF Load,GRC Reporting Tool,,
EBI_ETL_DLT_FDM_SOIF_EMC_MN,5w0qe,EBI_ETL_DLT,Ended OK,                   0,                   0,                   0,2022-08-31 02:21:29,2022-08-31 02:31:44,220831,SOIF Load,GRC Reporting Tool,,
EBI_ETL_DLT_FDM_SOIF_EMC_MN,02z5c,EBI_ETL_DLT,Wait Condition,                   0,                   0,                   0,,,220907,SOIF Load,GRC Reporting Tool,2022-09-07 03:05:50,2022-09-07 03:19:20
EBI_ETL_DLT_FDM_SOIF_EMC_MN,5ws7r,EBI_ETL_DLT,Ended OK,                   0,                   0,                   0,2022-09-01 10:10:16,2022-09-01 10:35:21,220901,SOIF Load,GRC Reporting Tool,,
EBI_ETL_DLT_FDM_SO_HDR_DELL_EMEA,5xitt,EBI_ETL_DLT,Ended OK,                   0,                   0,                   0,2022-09-02 22:44:17,2022-09-02 22:55:03,220902,,GRC Reporting Tool,,
EBI_ETL_DLT_FDM_SO_HDR_DELL_AMER,026lt,EBI_ETL_DLT,Ended OK,                   0,                   0,                   0,2022-09-06 05:25:55,2022-09-06 05:55:36,220906,,GRC Reporting Tool,,
EBI_ETL_DLT_FDM_SO_HDR_DELL_AMER,5w0qv,EBI_ETL_DLT,Ended OK,                   0,                   0,                   0,2022-08-31 04:29:08,2022-08-31 04:48:23,220831,,GRC Reporting Tool,,
EBI_ETL_DLT_FDM_SO_HDR_DELL_AMER,02z5t,EBI_ETL_DLT,Wait Condition,                   0,                   0,                   0,,,220907,,GRC Reporting Tool,2022-09-07 04:38:30,2022-09-07 05:05:50
EBI_ETL_DLT_FDM_SO_HDR_DELL_AMER,5ws88,EBI_ETL_DLT,Ended OK,                   0,                   0,                   0,2022-09-01 04:09:50,2022-09-01 04:25:59,220901,,GRC Reporting Tool,,
EBI_ETL_DLT_FDM_SO_HDR_EMC_MN,5xit5,EBI_ETL_DLT,Ended OK,                   0,                   0,                   0,2022-09-02 04:30:16,2022-09-02 04:59:52,220902,SO HEADER,GRC Reporting Tool,,
EBI_ETL_DLT_FDM_SO_HDR_DELL_APJ,026lm,EBI_ETL_DLT,Ended OK,                   0,                   0,                   0,2022-09-06 14:13:03,2022-09-06 14:29:34,220906,,GRC Reporting Tool,,
EBI_ETL_DLT_FDM_SO_HDR_DELL_APJ,5w0qo,EBI_ETL_DLT,Ended OK,                   0,                   0,                   0,2022-08-31 13:51:57,2022-08-31 14:04:31,220831,,GRC Reporting Tool,,
EBI_ETL_DLT_FDM_SO_HDR_DELL_APJ,02z5m,EBI_ETL_DLT,Wait Condition,                   0,                   0,                   0,,,220907,,GRC Reporting Tool,2022-09-07 13:18:30,2022-09-07 13:33:30
EBI_ETL_DLT_FDM_SO_HDR_DELL_APJ,5ws81,EBI_ETL_DLT,Ended OK,                   0,                   0,                   0,2022-09-01 14:54:33,2022-09-01 15:07:19,220901,,GRC Reporting Tool,,
EBI_ETL_DLT_FDM_SPLT_ACCT_DELL_DLY_APJ,5xit7,EBI_ETL_DLT,Ended OK,                   0,                   0,                   0,2022-09-02 13:40:14,2022-09-02 13:43:44,220902,Daily Split account,GRC Reporting Tool,,
EBI_ETL_DLT_FDM_SO_HDR_DELL_EMEA,026m6,EBI_ETL_DLT,Ended OK,                   0,                   0,                   0,2022-09-06 22:15:20,2022-09-06 22:26:21,220906,,GRC Reporting Tool,,
EBI_ETL_DLT_FDM_SO_HDR_DELL_EMEA,5w0r8,EBI_ETL_DLT,Ended OK,                   0,                   0,                   0,2022-08-31 20:32:47,2022-08-31 20:46:34,220831,,GRC Reporting Tool,,
EBI_ETL_DLT_FDM_SO_HDR_EMC_MN,02z5g,EBI_ETL_DLT,Wait Condition,                   0,                   0,                   0,,,220907,SO HEADER,GRC Reporting Tool,2022-09-07 03:38:30,2022-09-07 04:01:30
EBI_ETL_DLT_FDM_SO_HDR_DELL_EMEA,5ws8l,EBI_ETL_DLT,Ended OK,                   0,                   0,                   0,2022-09-01 21:33:00,2022-09-01 21:52:34,220901,,GRC Reporting Tool,,
EBI_ETL_DLT_FDM_SPLT_CRDT_DELL_EMEA,5xitm,EBI_ETL_DLT,Ended OK,                   0,                   0,                   0,2022-09-02 21:37:45,2022-09-02 21:40:15,220902,,GRC Reporting Tool,,
EBI_ETL_DLT_FDM_SO_HDR_EMC_MN,026lg,EBI_ETL_DLT,Ended OK,                   0,                   0,                   0,2022-09-06 03:25:30,2022-09-06 03:58:17,220906,SO HEADER,GRC Reporting Tool,,
EBI_ETL_DLT_FDM_SO_HDR_EMC_MN,5w0qi,EBI_ETL_DLT,Ended OK,                   0,                   0,                   0,2022-08-31 02:49:28,2022-08-31 02:59:17,220831,SO HEADER,GRC Reporting Tool,,
EBI_ETL_DLT_FDM_SPLT_ACCT_DELL_DLY_APJ,02z5i,EBI_ETL_DLT,Wait Condition,                   0,                   0,                   0,,,220907,Daily Split account,GRC Reporting Tool,2022-09-07 11:30:00,2022-09-07 11:35:00
EBI_ETL_DLT_FDM_SO_HDR_EMC_MN,5ws7v,EBI_ETL_DLT,Ended OK,                   0,                   0,                   0,2022-09-01 11:01:18,2022-09-01 11:23:38,220901,SO HEADER,GRC Reporting Tool,,
SEBIETLPPARTY_SRT_REGN_BI_BUY_POWER,5y926,EBIETLPPARTY,Ended OK,                   0,                   0,                   0,2022-09-02 01:00:11,2022-09-02 01:06:42,220902,loads the regional BI Buy Power values,EBIETLPPARTY,,
EBI_ETL_DLT_FDM_SPLT_ACCT_DELL_DLY_APJ,026li,EBI_ETL_DLT,Ended OK,                   0,                   0,                   0,2022-09-06 12:19:21,2022-09-06 12:24:16,220906,Daily Split account,GRC Reporting Tool,,
EBI_ETL_DLT_FDM_SPLT_ACCT_DELL_DLY_APJ,5w0qk,EBI_ETL_DLT,Ended OK,                   0,                   0,                   0,2022-08-31 11:58:41,2022-08-31 12:02:45,220831,Daily Split account,GRC Reporting Tool,,
EBI_ETL_DLT_FDM_SPLT_CRDT_DELL_EMEA,02z5z,EBI_ETL_DLT,Wait Condition,                   0,                   0,                   0,,,220907,,GRC Reporting Tool,2022-09-07 19:31:10,2022-09-07 19:32:00
EBI_ETL_DLT_FDM_SPLT_ACCT_DELL_DLY_APJ,5ws7x,EBI_ETL_DLT,Ended OK,                   0,                   0,                   0,2022-09-01 12:19:24,2022-09-01 12:27:06,220901,Daily Split account,GRC Reporting Tool,,
EBI_ETL_DLT_FDM_SPLT_CRDT_DELL_EMEA,026lz,EBI_ETL_DLT,Ended OK,                   0,                   0,                   0,2022-09-06 20:53:34,2022-09-06 20:53:42,220906,,GRC Reporting Tool,,
EBI_ETL_DLT_FDM_SPLT_CRDT_DELL_EMEA,5w0r1,EBI_ETL_DLT,Ended OK,                   0,                   0,                   0,2022-08-31 19:34:39,2022-08-31 19:37:14,220831,,GRC Reporting Tool,,
SEBIETLPPARTY_SRT_REGN_BI_BUY_POWER,03lqg,EBIETLPPARTY,Ended OK,                   0,                   0,                   0,2022-09-07 01:00:08,2022-09-07 01:04:33,220907,loads the regional BI Buy Power values,EBIETLPPARTY,,
EBI_ETL_DLT_FDM_SPLT_CRDT_DELL_EMEA,5ws8e,EBI_ETL_DLT,Ended OK,                   0,                   0,                   0,2022-09-01 20:06:01,2022-09-01 20:06:07,220901,,GRC Reporting Tool,,
SEBIETLPPARTY_SRT_REGN_BI_BUY_POWER,02w2a,EBIETLPPARTY,Ended OK,                   0,                   0,                   0,2022-09-06 01:00:06,2022-09-06 01:04:33,220906,loads the regional BI Buy Power values,EBIETLPPARTY,,
SEBIETLPPARTY_SRT_REGN_BI_BUY_POWER,5wqhj,EBIETLPPARTY,Ended OK,                   0,                   0,                   0,2022-08-31 01:00:09,2022-08-31 01:04:44,220831,loads the regional BI Buy Power values,EBIETLPPARTY,,
SEBIETLPPARTY_SRT_REGN_BI_BUY_POWER,5xh1q,EBIETLPPARTY,Ended OK,                   0,                   0,                   0,2022-09-01 01:00:08,2022-09-01 01:05:41,220901,loads the regional BI Buy Power values,EBIETLPPARTY,,
